mean_error_level,residual_error_level,primary_wins_vs_both,primary_losses_vs_both,primary_win_fraction,blend_rmse_to_target,blend_de_score,blend_de_direction,blend_mmd_u,blend_variogram,A_de_score,A_de_direction,A_mmd_u,A_variogram,B_de_score,B_de_direction,B_mmd_u,B_variogram
0.0,0.0,2,0,0.5,2.401448749575964e-08,0.5152,1.0,-0.00813,0.0,0.5152,1.0,0.19398,0.016516,0.2121,0.5762,0.35361,0.075727
0.0,0.1,2,0,0.5,0.034536355755162736,0.5152,1.0,-0.00505,0.001101,0.5152,1.0,0.19398,0.016516,0.2121,0.5762,0.38261,0.077588
0.0,0.3,2,0,0.5,0.10360906725018883,0.5152,1.0,0.02123,0.002199,0.5152,1.0,0.19398,0.016516,0.2121,0.5762,0.46211,0.079836
0.0,0.6,2,0,0.5,0.20721813452443408,0.5152,1.0,0.1214,0.002458,0.5152,1.0,0.19398,0.016516,0.2121,0.5762,0.63973,0.080418
0.1,0.0,2,0,0.5,0.03373028397703288,0.5152,0.8996,-0.00535,0.004225,0.5152,0.8996,0.19317,0.020424,0.2121,0.5762,0.35361,0.075727
0.1,0.1,2,0,0.5,0.0482751688961418,0.5152,0.8996,-0.0026,0.006568,0.5152,0.8996,0.19317,0.020424,0.2121,0.5762,0.38261,0.077588
0.1,0.3,2,0,0.5,0.10896132745188242,0.5152,0.8996,0.02279,0.008538,0.5152,0.8996,0.19317,0.020424,0.2121,0.5762,0.46211,0.079836
0.1,0.6,2,0,0.5,0.20994543893038775,0.5152,0.8996,0.12128,0.008961,0.5152,0.8996,0.19317,0.020424,0.2121,0.5762,0.63973,0.080418
0.3,0.0,2,0,0.5,0.10119084248327498,0.5152,0.7517,0.01624,0.013311,0.5152,0.7517,0.22073,0.02872,0.2121,0.5762,0.35361,0.075727
0.3,0.1,2,0,0.5,0.10692215158651684,0.5152,0.7517,0.01997,0.015814,0.5152,0.7517,0.22073,0.02872,0.2121,0.5762,0.38261,0.077588
0.3,0.3,2,0,0.5,0.14482549998846295,0.5152,0.7517,0.04708,0.018224,0.5152,0.7517,0.22073,0.02872,0.2121,0.5762,0.46211,0.079836
0.3,0.6,2,0,0.5,0.23060559809481324,0.5152,0.7517,0.14767,0.018745,0.5152,0.7517,0.22073,0.02872,0.2121,0.5762,0.63973,0.080418
0.6,0.0,2,0,0.5,0.20238169554887567,0.4848,0.6691,0.08132,0.027876,0.4848,0.6691,0.32311,0.042128,0.2121,0.5762,0.35361,0.075727
0.6,0.1,2,0,0.5,0.20530735645009096,0.4848,0.6691,0.08997,0.030241,0.4848,0.6691,0.32311,0.042128,0.2121,0.5762,0.38261,0.077588
0.6,0.3,2,0,0.5,0.22736136337640037,0.4848,0.6691,0.12715,0.032817,0.4848,0.6691,0.32311,0.042128,0.2121,0.5762,0.46211,0.079836
0.6,0.6,2,0,0.5,0.28965100720862097,0.4848,0.6691,0.24283,0.0334,0.4848,0.6691,0.32311,0.042128,0.2121,0.5762,0.63973,0.080418
