complementarity_severity,alpha,primary_wins_vs_both,primary_best_preserved,primary_worse_than_best,primary_losses_vs_both,primary_win_fraction,primary_best_preserved_fraction,blend_de_score,blend_de_direction,blend_mmd_u,blend_variogram,A_de_score,A_de_direction,A_mmd_u,A_variogram,B_de_score,B_de_direction,B_mmd_u,B_variogram
0.25,0.25,0,0,4,1,0.0,0.0,0.4848,0.7503,0.01796,0.015407,0.5152,0.8996,0.01361,0.011558,0.5152,0.73,0.02563,0.016749
0.25,0.5,1,1,3,1,0.25,0.25,0.4848,0.7747,0.01225,0.014268,0.5152,0.8996,0.01361,0.011558,0.5152,0.73,0.02563,0.016749
0.25,0.75,2,2,2,0,0.5,0.5,0.5455,0.8214,0.01217,0.012874,0.5152,0.8996,0.01361,0.011558,0.5152,0.73,0.02563,0.016749
0.5,0.25,1,1,3,0,0.25,0.25,0.4848,0.6726,0.06643,0.02938,0.5152,0.8996,0.08156,0.016674,0.4545,0.654,0.11658,0.03473
0.5,0.5,1,1,3,0,0.25,0.25,0.4848,0.7049,0.04533,0.024886,0.5152,0.8996,0.08156,0.016674,0.4545,0.654,0.11658,0.03473
0.5,0.75,1,1,3,0,0.25,0.25,0.4848,0.7693,0.05188,0.02058,0.5152,0.8996,0.08156,0.016674,0.4545,0.654,0.11658,0.03473
0.75,0.25,1,1,3,0,0.25,0.25,0.3939,0.6365,0.12349,0.04312,0.5152,0.8996,0.19317,0.020424,0.3636,0.6122,0.2385,0.053479
0.75,0.5,1,1,3,0,0.25,0.25,0.4848,0.6687,0.08277,0.034607,0.5152,0.8996,0.19317,0.020424,0.3636,0.6122,0.2385,0.053479
0.75,0.75,1,2,2,0,0.25,0.5,0.5152,0.7282,0.10617,0.027016,0.5152,0.8996,0.19317,0.020424,0.3636,0.6122,0.2385,0.053479
