marginal_error_level,rank_corruption_fraction,primary_wins_vs_both,primary_best_preserved,primary_worse_than_best,primary_losses_vs_both,primary_win_fraction,primary_best_preserved_fraction,blend_rmse_to_target,blend_de_score,blend_de_direction,blend_mmd_u,blend_variogram,A_de_score,A_de_direction,A_mmd_u,A_variogram,B_de_score,B_de_direction,B_mmd_u,B_variogram
0.0,0.0,2,4,0,0,0.5,1.0,0.0,0.5152,1.0,-0.00813,0.0,0.5152,1.0,0.24605,0.000167,0.2424,0.5737,0.13206,0.038584
0.0,0.1,2,4,0,0,0.5,1.0,0.10578075254076758,0.5152,1.0,-0.00558,1.9e-05,0.5152,1.0,0.24605,0.000167,0.2424,0.5737,0.14349,0.038618
0.0,0.3,2,4,0,0,0.5,1.0,0.18721444285373923,0.5152,1.0,0.01836,6.4e-05,0.5152,1.0,0.24605,0.000167,0.2424,0.5737,0.18711,0.038698
0.0,0.6,2,4,0,0,0.5,1.0,0.26700088629903423,0.5152,1.0,0.11699,0.000129,0.5152,1.0,0.24605,0.000167,0.2424,0.5737,0.31432,0.038778
0.0,1.0,2,4,0,0,0.5,1.0,0.3454101381647042,0.5152,1.0,0.24576,0.000163,0.5152,1.0,0.24605,0.000167,0.2424,0.5737,0.46374,0.038806
0.1,0.0,2,4,0,0,0.5,1.0,0.03380499195088999,0.6061,0.867,-0.00388,0.002241,0.6061,0.867,0.24106,0.002526,0.2424,0.5737,0.13206,0.038584
0.1,0.1,2,4,0,0,0.5,1.0,0.1139735678370201,0.6061,0.867,-0.00456,0.002284,0.6061,0.867,0.24106,0.002526,0.2424,0.5737,0.14349,0.038618
0.1,0.3,2,4,0,0,0.5,1.0,0.1955912524546636,0.6061,0.867,0.01243,0.002372,0.6061,0.867,0.24106,0.002526,0.2424,0.5737,0.18711,0.038698
0.1,0.6,2,4,0,0,0.5,1.0,0.2768120846293084,0.6061,0.867,0.10499,0.002472,0.6061,0.867,0.24106,0.002526,0.2424,0.5737,0.31432,0.038778
0.1,1.0,2,4,0,0,0.5,1.0,0.3570363756449277,0.6061,0.867,0.24073,0.00252,0.6061,0.867,0.24106,0.002526,0.2424,0.5737,0.46374,0.038806
0.3,0.0,2,4,0,0,0.5,1.0,0.10141497574679725,0.5152,0.7078,0.02608,0.008541,0.5152,0.7078,0.26735,0.008933,0.2424,0.5737,0.13206,0.038584
0.3,0.1,2,4,0,0,0.5,1.0,0.15312560901635353,0.5152,0.7078,0.02118,0.008604,0.5152,0.7078,0.26735,0.008933,0.2424,0.5737,0.14349,0.038618
0.3,0.3,2,4,0,0,0.5,1.0,0.22699335622160255,0.5152,0.7078,0.02861,0.008731,0.5152,0.7078,0.26735,0.008933,0.2424,0.5737,0.18711,0.038698
0.3,0.6,2,4,0,0,0.5,1.0,0.3068428081124078,0.5152,0.7078,0.1133,0.008862,0.5152,0.7078,0.26735,0.008933,0.2424,0.5737,0.31432,0.038778
0.3,1.0,2,4,0,0,0.5,1.0,0.38815622927357646,0.5152,0.7078,0.26691,0.008927,0.5152,0.7078,0.26735,0.008933,0.2424,0.5737,0.46374,0.038806
0.6,0.0,2,4,0,0,0.5,1.0,0.2028299514790749,0.303,0.6126,0.09898,0.02092,0.303,0.6126,0.38028,0.021432,0.2424,0.5737,0.13206,0.038584
0.6,0.1,2,4,0,0,0.5,1.0,0.23722422151737665,0.303,0.6126,0.09302,0.021004,0.303,0.6126,0.38028,0.021432,0.2424,0.5737,0.14349,0.038618
0.6,0.3,2,4,0,0,0.5,1.0,0.29761168409522326,0.303,0.6126,0.0975,0.021176,0.303,0.6126,0.38028,0.021432,0.2424,0.5737,0.18711,0.038698
0.6,0.6,2,4,0,0,0.5,1.0,0.3709252473429634,0.303,0.6126,0.18531,0.021344,0.303,0.6126,0.38028,0.021432,0.2424,0.5737,0.31432,0.038778
0.6,1.0,2,4,0,0,0.5,1.0,0.45010259687929677,0.303,0.6126,0.3796,0.021426,0.303,0.6126,0.38028,0.021432,0.2424,0.5737,0.46374,0.038806
1.2,0.0,0,0,4,0,0.0,0.0,0.405659903018073,0.1515,0.5454,0.24302,0.052629,0.1515,0.5454,0.68407,0.053363,0.2424,0.5737,0.13206,0.038584
1.2,0.1,0,0,4,0,0.0,0.0,0.4285336316157889,0.1515,0.5454,0.24263,0.052752,0.1515,0.5454,0.68407,0.053363,0.2424,0.5737,0.14349,0.038618
1.2,0.3,0,0,4,0,0.0,0.0,0.4736836073641878,0.1515,0.5454,0.26,0.053005,0.1515,0.5454,0.68407,0.053363,0.2424,0.5737,0.18711,0.038698
1.2,0.6,0,0,4,0,0.0,0.0,0.5349407288916741,0.1515,0.5454,0.38163,0.053244,0.1515,0.5454,0.68407,0.053363,0.2424,0.5737,0.31432,0.038778
1.2,1.0,0,0,4,0,0.0,0.0,0.6067590216723162,0.1515,0.5454,0.68281,0.053362,0.1515,0.5454,0.68407,0.053363,0.2424,0.5737,0.46374,0.038806
