matching_noise,assignment,coordinate_rmse,mean_match_distance,de_score,de_direction,mmd_u,variogram,d2_shape,sliced_wasserstein,occupancy_dice,neighborhood_mmd
0.0,hungarian,5.0952253430226125e-06,16.79498291015625,0.52,1.0,-0.00466,0.005477,0.00126,0.0,1.0,-0.00389
0.0,greedy,5.0952253430226125e-06,16.794984016418457,0.52,1.0,-0.00466,0.005477,0.00126,0.0,1.0,-0.00389
0.1,hungarian,5.0952253430226125e-06,3.176320791244507,0.52,1.0,-0.00466,0.005477,0.00126,0.0,1.0,-0.00389
0.1,greedy,5.0952253430226125e-06,3.17632079521815,0.52,1.0,-0.00466,0.005477,0.00126,0.0,1.0,-0.00389
0.3,hungarian,5.0952253430226125e-06,3.883535146713257,0.52,1.0,-0.00466,0.005477,0.00126,0.0,1.0,-0.00389
0.3,greedy,5.0952253430226125e-06,3.8835351705551147,0.52,1.0,-0.00466,0.005477,0.00126,0.0,1.0,-0.00389
0.6,hungarian,5.0952253430226125e-06,5.538646221160889,0.52,1.0,-0.00466,0.005477,0.00126,0.0,1.0,-0.00389
0.6,greedy,81.74855841026547,5.912157425880432,0.52,1.0,-0.00466,0.005477,0.00122,0.0,1.0,0.00119
1.0,hungarian,5.0952253430226125e-06,7.767605781555176,0.52,1.0,-0.00466,0.005477,0.00126,0.0,1.0,-0.00389
1.0,greedy,133.80152688160888,9.287612657546997,0.52,1.0,-0.00466,0.005477,0.0018,0.0,1.0,0.02416
