expression_corruption,matching_noise,primary_wins_vs_both,primary_losses_vs_both,primary_win_fraction,coordinate_rmse,blend_de_score,blend_de_direction,blend_mmd_u,blend_variogram,blend_d2_shape,blend_sliced_wasserstein,blend_occupancy_dice,blend_neighborhood_mmd,A_de_score,A_de_direction,A_mmd_u,A_variogram,A_d2_shape,A_sliced_wasserstein,A_occupancy_dice,A_neighborhood_mmd,B_de_score,B_de_direction,B_mmd_u,B_variogram,B_d2_shape,B_sliced_wasserstein,B_occupancy_dice,B_neighborhood_mmd
0.0,0.0,2,0,0.25,5.0952253430226125e-06,0.5102,1.0,-0.00807,0.0,0.00126,0.0,1.0,-0.00793,0.5102,1.0,-0.00807,0.0,0.00214,0.03846,0.6275,0.13205,0.449,0.994,0.11378,0.323134,0.00134,0.0,1.0,0.38535
0.0,0.1,2,0,0.25,5.0952253430226125e-06,0.5102,1.0,-0.00807,0.0,0.00126,0.0,1.0,-0.00793,0.5102,1.0,-0.00807,0.0,0.00214,0.03846,0.6275,0.13205,0.4694,0.9933,0.11367,0.320961,0.00134,0.0,1.0,0.38647
0.0,0.3,2,0,0.25,5.0952253430226125e-06,0.5102,1.0,-0.00807,0.0,0.00126,0.0,1.0,-0.00793,0.5102,1.0,-0.00807,0.0,0.00214,0.03846,0.6275,0.13205,0.4694,0.992,0.11365,0.359579,0.00134,0.0,1.0,0.38495
0.0,0.6,2,0,0.25,5.0952253430226125e-06,0.5102,1.0,-0.00807,0.0,0.00126,0.0,1.0,-0.00793,0.5102,1.0,-0.00807,0.0,0.00214,0.03846,0.6275,0.13205,0.4694,0.9892,0.11976,0.482119,0.00134,0.0,1.0,0.40655
0.1,0.0,2,0,0.25,5.0952253430226125e-06,0.5102,1.0,-0.00466,0.005477,0.00126,0.0,1.0,-0.00389,0.5102,1.0,-0.00466,0.005477,0.00214,0.03846,0.6275,0.15441,0.449,0.994,0.11378,0.323134,0.00134,0.0,1.0,0.38535
0.1,0.1,2,0,0.25,5.0952253430226125e-06,0.5102,1.0,-0.00466,0.005477,0.00126,0.0,1.0,-0.00389,0.5102,1.0,-0.00466,0.005477,0.00214,0.03846,0.6275,0.15441,0.4694,0.9933,0.11367,0.320961,0.00134,0.0,1.0,0.38647
0.1,0.3,2,0,0.25,5.0952253430226125e-06,0.5102,1.0,-0.00466,0.005477,0.00126,0.0,1.0,-0.00389,0.5102,1.0,-0.00466,0.005477,0.00214,0.03846,0.6275,0.15441,0.4694,0.992,0.11365,0.359579,0.00134,0.0,1.0,0.38495
0.1,0.6,2,0,0.25,5.0952253430226125e-06,0.5102,1.0,-0.00466,0.005477,0.00126,0.0,1.0,-0.00389,0.5102,1.0,-0.00466,0.005477,0.00214,0.03846,0.6275,0.15441,0.4694,0.9892,0.11976,0.482119,0.00134,0.0,1.0,0.40655
0.3,0.0,2,0,0.25,5.0952253430226125e-06,0.5102,1.0,0.02176,0.010856,0.00126,0.0,1.0,0.02985,0.5102,1.0,0.02176,0.010856,0.00214,0.03846,0.6275,0.19891,0.449,0.994,0.11378,0.323134,0.00134,0.0,1.0,0.38535
0.3,0.1,2,0,0.25,5.0952253430226125e-06,0.5102,1.0,0.02176,0.010856,0.00126,0.0,1.0,0.02985,0.5102,1.0,0.02176,0.010856,0.00214,0.03846,0.6275,0.19891,0.4694,0.9933,0.11367,0.320961,0.00134,0.0,1.0,0.38647
0.3,0.3,2,0,0.25,5.0952253430226125e-06,0.5102,1.0,0.02176,0.010856,0.00126,0.0,1.0,0.02985,0.5102,1.0,0.02176,0.010856,0.00214,0.03846,0.6275,0.19891,0.4694,0.992,0.11365,0.359579,0.00134,0.0,1.0,0.38495
0.3,0.6,2,0,0.25,5.0952253430226125e-06,0.5102,1.0,0.02176,0.010856,0.00126,0.0,1.0,0.02985,0.5102,1.0,0.02176,0.010856,0.00214,0.03846,0.6275,0.19891,0.4694,0.9892,0.11976,0.482119,0.00134,0.0,1.0,0.40655
0.6,0.0,2,0,0.25,27.656376174317458,0.5102,1.0,0.08776,0.0119,0.00129,0.0,1.0,0.14406,0.5102,1.0,0.08776,0.0119,0.00214,0.03846,0.6275,0.24715,0.449,0.994,0.11378,0.323134,0.00134,0.0,1.0,0.38535
0.6,0.1,2,0,0.25,35.46133487297,0.5102,1.0,0.08776,0.0119,0.0013,0.0,1.0,0.14518,0.5102,1.0,0.08776,0.0119,0.00214,0.03846,0.6275,0.24715,0.4694,0.9933,0.11367,0.320961,0.00134,0.0,1.0,0.38647
0.6,0.3,2,0,0.25,30.829542254116227,0.5102,1.0,0.08776,0.0119,0.00131,0.0,1.0,0.14458,0.5102,1.0,0.08776,0.0119,0.00214,0.03846,0.6275,0.24715,0.4694,0.992,0.11365,0.359579,0.00134,0.0,1.0,0.38495
0.6,0.6,2,0,0.25,74.01995980097064,0.5102,1.0,0.08776,0.0119,0.00131,0.0,1.0,0.14806,0.5102,1.0,0.08776,0.0119,0.00214,0.03846,0.6275,0.24715,0.4694,0.9892,0.11976,0.482119,0.00134,0.0,1.0,0.40655
