experiment,level_A,level_B,method,primary_wins_vs_both,primary_best_preserved,primary_worse_than_best,primary_losses_vs_both,primary_win_fraction,primary_best_preserved_fraction,metric_de_score,metric_de_direction,metric_mmd_u,metric_variogram,A_de_score,A_de_direction,A_mmd_u,A_variogram,B_de_score,B_de_direction,B_mmd_u,B_variogram,metric_d2_shape,metric_sliced_wasserstein,metric_occupancy_dice,metric_neighborhood_mmd,A_d2_shape,A_sliced_wasserstein,A_occupancy_dice,A_neighborhood_mmd,B_d2_shape,B_sliced_wasserstein,B_occupancy_dice,B_neighborhood_mmd
T1 mean/structure,0.1,0.1,mean graft,2,4,0,0,0.5,1.0,0.5152,0.8996,-0.0026,0.006568,0.5152,0.8996,0.19317,0.020424,0.2121,0.5762,0.38261,0.077588,,,,,,,,,,,,
T1 mean/structure,0.1,0.1,population mix,1,1,3,0,0.25,0.25,0.3636,0.6384,0.09581,0.043808,0.5152,0.8996,0.19317,0.020424,0.2121,0.5762,0.38261,0.077588,,,,,,,,,,,,
T1 mean/structure,0.1,0.1,rowwise average,0,0,4,0,0.0,0.0,0.4242,0.6403,0.24511,0.04705,0.5152,0.8996,0.19317,0.020424,0.2121,0.5762,0.38261,0.077588,,,,,,,,,,,,
T1 mean/structure,0.1,0.1,half mean shift,1,1,3,0,0.25,0.25,0.4242,0.6403,0.15183,0.040287,0.5152,0.8996,0.19317,0.020424,0.2121,0.5762,0.38261,0.077588,,,,,,,,,,,,
T1 mean/structure,0.1,0.3,mean graft,2,4,0,0,0.5,1.0,0.5152,0.8996,0.02279,0.008538,0.5152,0.8996,0.19317,0.020424,0.2121,0.5762,0.46211,0.079836,,,,,,,,,,,,
T1 mean/structure,0.1,0.3,population mix,1,1,3,0,0.25,0.25,0.3939,0.639,0.11993,0.044687,0.5152,0.8996,0.19317,0.020424,0.2121,0.5762,0.46211,0.079836,,,,,,,,,,,,
T1 mean/structure,0.1,0.3,rowwise average,0,0,4,0,0.0,0.0,0.4242,0.6403,0.29192,0.048054,0.5152,0.8996,0.19317,0.020424,0.2121,0.5762,0.46211,0.079836,,,,,,,,,,,,
T1 mean/structure,0.1,0.3,half mean shift,0,0,4,0,0.0,0.0,0.4242,0.6403,0.19869,0.042839,0.5152,0.8996,0.19317,0.020424,0.2121,0.5762,0.46211,0.079836,,,,,,,,,,,,
T1 mean/structure,0.1,0.6,mean graft,2,4,0,0,0.5,1.0,0.5152,0.8996,0.12128,0.008961,0.5152,0.8996,0.19317,0.020424,0.2121,0.5762,0.63973,0.080418,,,,,,,,,,,,
T1 mean/structure,0.1,0.6,population mix,1,1,3,0,0.25,0.25,0.3939,0.6389,0.17021,0.044925,0.5152,0.8996,0.19317,0.020424,0.2121,0.5762,0.63973,0.080418,,,,,,,,,,,,
T1 mean/structure,0.1,0.6,rowwise average,0,0,4,0,0.0,0.0,0.4242,0.6403,0.3736,0.048689,0.5152,0.8996,0.19317,0.020424,0.2121,0.5762,0.63973,0.080418,,,,,,,,,,,,
T1 mean/structure,0.1,0.6,half mean shift,0,0,4,0,0.0,0.0,0.4242,0.6403,0.32908,0.043439,0.5152,0.8996,0.19317,0.020424,0.2121,0.5762,0.63973,0.080418,,,,,,,,,,,,
T1 mean/structure,0.3,0.1,mean graft,2,4,0,0,0.5,1.0,0.5152,0.7517,0.01997,0.015814,0.5152,0.7517,0.22073,0.02872,0.2121,0.5762,0.38261,0.077588,,,,,,,,,,,,
T1 mean/structure,0.3,0.1,population mix,1,1,3,0,0.25,0.25,0.3636,0.6266,0.13217,0.0497,0.5152,0.7517,0.22073,0.02872,0.2121,0.5762,0.38261,0.077588,,,,,,,,,,,,
T1 mean/structure,0.3,0.1,rowwise average,0,0,4,0,0.0,0.0,0.3636,0.628,0.28678,0.052007,0.5152,0.7517,0.22073,0.02872,0.2121,0.5762,0.38261,0.077588,,,,,,,,,,,,
T1 mean/structure,0.3,0.1,half mean shift,1,1,3,0,0.25,0.25,0.3636,0.628,0.185,0.045424,0.5152,0.7517,0.22073,0.02872,0.2121,0.5762,0.38261,0.077588,,,,,,,,,,,,
T1 mean/structure,0.3,0.3,mean graft,2,4,0,0,0.5,1.0,0.5152,0.7517,0.04708,0.018224,0.5152,0.7517,0.22073,0.02872,0.2121,0.5762,0.46211,0.079836,,,,,,,,,,,,
T1 mean/structure,0.3,0.3,population mix,1,1,3,0,0.25,0.25,0.3333,0.6271,0.16016,0.05063,0.5152,0.7517,0.22073,0.02872,0.2121,0.5762,0.46211,0.079836,,,,,,,,,,,,
T1 mean/structure,0.3,0.3,rowwise average,0,0,4,0,0.0,0.0,0.3636,0.628,0.33622,0.052996,0.5152,0.7517,0.22073,0.02872,0.2121,0.5762,0.46211,0.079836,,,,,,,,,,,,
T1 mean/structure,0.3,0.3,half mean shift,0,0,4,0,0.0,0.0,0.3636,0.628,0.237,0.047944,0.5152,0.7517,0.22073,0.02872,0.2121,0.5762,0.46211,0.079836,,,,,,,,,,,,
T1 mean/structure,0.3,0.6,mean graft,2,4,0,0,0.5,1.0,0.5152,0.7517,0.14767,0.018745,0.5152,0.7517,0.22073,0.02872,0.2121,0.5762,0.63973,0.080418,,,,,,,,,,,,
T1 mean/structure,0.3,0.6,population mix,1,1,3,0,0.25,0.25,0.3939,0.6271,0.21631,0.050881,0.5152,0.7517,0.22073,0.02872,0.2121,0.5762,0.63973,0.080418,,,,,,,,,,,,
T1 mean/structure,0.3,0.6,rowwise average,0,0,4,0,0.0,0.0,0.3636,0.628,0.42153,0.053623,0.5152,0.7517,0.22073,0.02872,0.2121,0.5762,0.63973,0.080418,,,,,,,,,,,,
T1 mean/structure,0.3,0.6,half mean shift,0,0,4,0,0.0,0.0,0.3636,0.628,0.37514,0.048549,0.5152,0.7517,0.22073,0.02872,0.2121,0.5762,0.63973,0.080418,,,,,,,,,,,,
T1 mean/structure,0.6,0.1,mean graft,2,4,0,0,0.5,1.0,0.4848,0.6691,0.08997,0.030241,0.4848,0.6691,0.32311,0.042128,0.2121,0.5762,0.38261,0.077588,,,,,,,,,,,,
T1 mean/structure,0.6,0.1,population mix,1,1,3,0,0.25,0.25,0.3333,0.6112,0.22113,0.058131,0.4848,0.6691,0.32311,0.042128,0.2121,0.5762,0.38261,0.077588,,,,,,,,,,,,
T1 mean/structure,0.6,0.1,rowwise average,0,0,4,0,0.0,0.0,0.3636,0.6122,0.35015,0.05959,0.4848,0.6691,0.32311,0.042128,0.2121,0.5762,0.38261,0.077588,,,,,,,,,,,,
T1 mean/structure,0.6,0.1,half mean shift,1,1,3,0,0.25,0.25,0.3636,0.6122,0.23578,0.053258,0.4848,0.6691,0.32311,0.042128,0.2121,0.5762,0.38261,0.077588,,,,,,,,,,,,
T1 mean/structure,0.6,0.3,mean graft,2,4,0,0,0.5,1.0,0.4848,0.6691,0.12715,0.032817,0.4848,0.6691,0.32311,0.042128,0.2121,0.5762,0.46211,0.079836,,,,,,,,,,,,
T1 mean/structure,0.6,0.3,population mix,1,1,3,0,0.25,0.25,0.303,0.6115,0.25684,0.05913,0.4848,0.6691,0.32311,0.042128,0.2121,0.5762,0.46211,0.079836,,,,,,,,,,,,
T1 mean/structure,0.6,0.3,rowwise average,0,0,4,0,0.0,0.0,0.3636,0.6122,0.40345,0.060558,0.4848,0.6691,0.32311,0.042128,0.2121,0.5762,0.46211,0.079836,,,,,,,,,,,,
T1 mean/structure,0.6,0.3,half mean shift,1,1,3,0,0.25,0.25,0.3636,0.6122,0.29543,0.055719,0.4848,0.6691,0.32311,0.042128,0.2121,0.5762,0.46211,0.079836,,,,,,,,,,,,
T1 mean/structure,0.6,0.6,mean graft,2,4,0,0,0.5,1.0,0.4848,0.6691,0.24283,0.0334,0.4848,0.6691,0.32311,0.042128,0.2121,0.5762,0.63973,0.080418,,,,,,,,,,,,
T1 mean/structure,0.6,0.6,population mix,0,0,4,0,0.0,0.0,0.303,0.6114,0.32558,0.059399,0.4848,0.6691,0.32311,0.042128,0.2121,0.5762,0.63973,0.080418,,,,,,,,,,,,
T1 mean/structure,0.6,0.6,rowwise average,0,0,4,0,0.0,0.0,0.3636,0.6122,0.494,0.061173,0.4848,0.6691,0.32311,0.042128,0.2121,0.5762,0.63973,0.080418,,,,,,,,,,,,
T1 mean/structure,0.6,0.6,half mean shift,0,0,4,0,0.0,0.0,0.3636,0.6122,0.44494,0.056324,0.4848,0.6691,0.32311,0.042128,0.2121,0.5762,0.63973,0.080418,,,,,,,,,,,,
T1 marginals/ranks,0.1,0.1,quantile graft,2,4,0,0,0.5,1.0,0.6061,0.867,-0.00456,0.002284,0.6061,0.867,0.24106,0.002526,0.2424,0.5737,0.14349,0.038618,,,,,,,,,,,,
T1 marginals/ranks,0.1,0.1,population mix,1,1,3,0,0.25,0.25,0.4242,0.6587,0.07834,0.01498,0.6061,0.867,0.24106,0.002526,0.2424,0.5737,0.14349,0.038618,,,,,,,,,,,,
T1 marginals/ranks,0.1,0.1,rowwise average,0,0,4,0,0.0,0.0,0.4242,0.6651,0.1623,0.025995,0.6061,0.867,0.24106,0.002526,0.2424,0.5737,0.14349,0.038618,,,,,,,,,,,,
T1 marginals/ranks,0.1,0.1,half mean shift,1,1,3,0,0.25,0.25,0.4242,0.6651,0.04779,0.020763,0.6061,0.867,0.24106,0.002526,0.2424,0.5737,0.14349,0.038618,,,,,,,,,,,,
T1 marginals/ranks,0.1,0.3,quantile graft,2,4,0,0,0.5,1.0,0.6061,0.867,0.01243,0.002372,0.6061,0.867,0.24106,0.002526,0.2424,0.5737,0.18711,0.038698,,,,,,,,,,,,
T1 marginals/ranks,0.1,0.3,population mix,1,1,3,0,0.25,0.25,0.4242,0.6594,0.10486,0.015083,0.6061,0.867,0.24106,0.002526,0.2424,0.5737,0.18711,0.038698,,,,,,,,,,,,
T1 marginals/ranks,0.1,0.3,rowwise average,0,0,4,0,0.0,0.0,0.4242,0.6651,0.20717,0.026005,0.6061,0.867,0.24106,0.002526,0.2424,0.5737,0.18711,0.038698,,,,,,,,,,,,
T1 marginals/ranks,0.1,0.3,half mean shift,1,1,3,0,0.25,0.25,0.4242,0.6651,0.07694,0.020846,0.6061,0.867,0.24106,0.002526,0.2424,0.5737,0.18711,0.038698,,,,,,,,,,,,
T1 marginals/ranks,0.1,0.6,quantile graft,2,4,0,0,0.5,1.0,0.6061,0.867,0.10499,0.002472,0.6061,0.867,0.24106,0.002526,0.2424,0.5737,0.31432,0.038778,,,,,,,,,,,,
T1 marginals/ranks,0.1,0.6,population mix,1,1,3,0,0.25,0.25,0.4242,0.6584,0.16307,0.01515,0.6061,0.867,0.24106,0.002526,0.2424,0.5737,0.31432,0.038778,,,,,,,,,,,,
T1 marginals/ranks,0.1,0.6,rowwise average,0,0,4,0,0.0,0.0,0.4242,0.6651,0.27658,0.02604,0.6061,0.867,0.24106,0.002526,0.2424,0.5737,0.31432,0.038778,,,,,,,,,,,,
T1 marginals/ranks,0.1,0.6,half mean shift,1,1,3,0,0.25,0.25,0.4242,0.6651,0.18131,0.020935,0.6061,0.867,0.24106,0.002526,0.2424,0.5737,0.31432,0.038778,,,,,,,,,,,,
T1 marginals/ranks,0.3,0.1,quantile graft,2,4,0,0,0.5,1.0,0.5152,0.7078,0.02118,0.008604,0.5152,0.7078,0.26735,0.008933,0.2424,0.5737,0.14349,0.038618,,,,,,,,,,,,
T1 marginals/ranks,0.3,0.1,population mix,1,1,3,0,0.25,0.25,0.3939,0.6353,0.11899,0.02076,0.5152,0.7078,0.26735,0.008933,0.2424,0.5737,0.14349,0.038618,,,,,,,,,,,,
T1 marginals/ranks,0.3,0.1,rowwise average,0,0,4,0,0.0,0.0,0.4242,0.6394,0.19573,0.030562,0.5152,0.7078,0.26735,0.008933,0.2424,0.5737,0.14349,0.038618,,,,,,,,,,,,
T1 marginals/ranks,0.3,0.1,half mean shift,1,1,3,0,0.25,0.25,0.4242,0.6394,0.07401,0.02663,0.5152,0.7078,0.26735,0.008933,0.2424,0.5737,0.14349,0.038618,,,,,,,,,,,,
T1 marginals/ranks,0.3,0.3,quantile graft,2,4,0,0,0.5,1.0,0.5152,0.7078,0.02861,0.008731,0.5152,0.7078,0.26735,0.008933,0.2424,0.5737,0.18711,0.038698,,,,,,,,,,,,
T1 marginals/ranks,0.3,0.3,population mix,1,1,3,0,0.25,0.25,0.4242,0.6346,0.15165,0.020881,0.5152,0.7078,0.26735,0.008933,0.2424,0.5737,0.18711,0.038698,,,,,,,,,,,,
T1 marginals/ranks,0.3,0.3,rowwise average,0,0,4,0,0.0,0.0,0.4242,0.6394,0.24204,0.030571,0.5152,0.7078,0.26735,0.008933,0.2424,0.5737,0.18711,0.038698,,,,,,,,,,,,
T1 marginals/ranks,0.3,0.3,half mean shift,1,1,3,0,0.25,0.25,0.4242,0.6394,0.10644,0.026714,0.5152,0.7078,0.26735,0.008933,0.2424,0.5737,0.18711,0.038698,,,,,,,,,,,,
T1 marginals/ranks,0.3,0.6,quantile graft,2,4,0,0,0.5,1.0,0.5152,0.7078,0.1133,0.008862,0.5152,0.7078,0.26735,0.008933,0.2424,0.5737,0.31432,0.038778,,,,,,,,,,,,
T1 marginals/ranks,0.3,0.6,population mix,1,1,3,0,0.25,0.25,0.4242,0.6342,0.22092,0.02096,0.5152,0.7078,0.26735,0.008933,0.2424,0.5737,0.31432,0.038778,,,,,,,,,,,,
T1 marginals/ranks,0.3,0.6,rowwise average,0,0,4,0,0.0,0.0,0.4242,0.6394,0.31332,0.030608,0.5152,0.7078,0.26735,0.008933,0.2424,0.5737,0.31432,0.038778,,,,,,,,,,,,
T1 marginals/ranks,0.3,0.6,half mean shift,1,1,3,0,0.25,0.25,0.4242,0.6394,0.21587,0.026803,0.5152,0.7078,0.26735,0.008933,0.2424,0.5737,0.31432,0.038778,,,,,,,,,,,,
T1 marginals/ranks,0.6,0.1,quantile graft,2,4,0,0,0.5,1.0,0.303,0.6126,0.09302,0.021004,0.303,0.6126,0.38028,0.021432,0.2424,0.5737,0.14349,0.038618,,,,,,,,,,,,
T1 marginals/ranks,0.6,0.1,population mix,1,1,3,0,0.25,0.25,0.3333,0.6073,0.20259,0.028565,0.303,0.6126,0.38028,0.021432,0.2424,0.5737,0.14349,0.038618,,,,,,,,,,,,
T1 marginals/ranks,0.6,0.1,rowwise average,1,1,3,0,0.25,0.25,0.3333,0.6104,0.25634,0.037931,0.303,0.6126,0.38028,0.021432,0.2424,0.5737,0.14349,0.038618,,,,,,,,,,,,
T1 marginals/ranks,0.6,0.1,half mean shift,2,2,2,0,0.5,0.5,0.3333,0.6104,0.12039,0.036,0.303,0.6126,0.38028,0.021432,0.2424,0.5737,0.14349,0.038618,,,,,,,,,,,,
T1 marginals/ranks,0.6,0.3,quantile graft,2,4,0,0,0.5,1.0,0.303,0.6126,0.0975,0.021176,0.303,0.6126,0.38028,0.021432,0.2424,0.5737,0.18711,0.038698,,,,,,,,,,,,
T1 marginals/ranks,0.6,0.3,population mix,1,1,3,0,0.25,0.25,0.3636,0.6061,0.2401,0.028708,0.303,0.6126,0.38028,0.021432,0.2424,0.5737,0.18711,0.038698,,,,,,,,,,,,
T1 marginals/ranks,0.6,0.3,rowwise average,1,1,3,0,0.25,0.25,0.3333,0.6104,0.30554,0.037939,0.303,0.6126,0.38028,0.021432,0.2424,0.5737,0.18711,0.038698,,,,,,,,,,,,
T1 marginals/ranks,0.6,0.3,half mean shift,2,2,2,0,0.5,0.5,0.3333,0.6104,0.15924,0.036082,0.303,0.6126,0.38028,0.021432,0.2424,0.5737,0.18711,0.038698,,,,,,,,,,,,
T1 marginals/ranks,0.6,0.6,quantile graft,2,4,0,0,0.5,1.0,0.303,0.6126,0.18531,0.021344,0.303,0.6126,0.38028,0.021432,0.2424,0.5737,0.31432,0.038778,,,,,,,,,,,,
T1 marginals/ranks,0.6,0.6,population mix,1,1,3,0,0.25,0.25,0.3636,0.6062,0.31782,0.0288,0.303,0.6126,0.38028,0.021432,0.2424,0.5737,0.31432,0.038778,,,,,,,,,,,,
T1 marginals/ranks,0.6,0.6,rowwise average,1,1,3,1,0.25,0.25,0.3333,0.6104,0.38047,0.037974,0.303,0.6126,0.38028,0.021432,0.2424,0.5737,0.31432,0.038778,,,,,,,,,,,,
T1 marginals/ranks,0.6,0.6,half mean shift,2,2,2,0,0.5,0.5,0.3333,0.6104,0.27879,0.03616,0.303,0.6126,0.38028,0.021432,0.2424,0.5737,0.31432,0.038778,,,,,,,,,,,,
T2 expression/space,0.1,0.1,spatial transplant,2,8,0,0,0.25,1.0,0.52,1.0,-0.00466,0.005477,0.52,1.0,-0.00466,0.005477,0.48,0.9933,0.11367,0.320961,0.00126,0.0,1.0,-0.00389,0.00214,0.03846,0.6275,0.15441,0.00134,0.0,1.0,0.38647
T2 expression/space,0.1,0.1,raw-expression Hungarian,2,8,0,0,0.25,1.0,0.52,1.0,-0.00466,0.005477,0.52,1.0,-0.00466,0.005477,0.48,0.9933,0.11367,0.320961,0.00126,0.0,1.0,-0.00389,0.00214,0.03846,0.6275,0.15441,0.00134,0.0,1.0,0.38647
T2 expression/space,0.1,0.1,random coordinate transfer,1,7,1,0,0.125,0.875,0.52,1.0,-0.00466,0.005477,0.52,1.0,-0.00466,0.005477,0.48,0.9933,0.11367,0.320961,0.00147,0.0,1.0,0.14846,0.00214,0.03846,0.6275,0.15441,0.00134,0.0,1.0,0.38647
T2 expression/space,0.1,0.1,same-index coordinate transfer,1,8,0,0,0.125,1.0,0.52,1.0,-0.00466,0.005477,0.52,1.0,-0.00466,0.005477,0.48,0.9933,0.11367,0.320961,0.00134,0.0,1.0,0.13644,0.00214,0.03846,0.6275,0.15441,0.00134,0.0,1.0,0.38647
T2 expression/space,0.1,0.3,spatial transplant,2,8,0,0,0.25,1.0,0.52,1.0,-0.00466,0.005477,0.52,1.0,-0.00466,0.005477,0.48,0.992,0.11365,0.359579,0.00126,0.0,1.0,-0.00389,0.00214,0.03846,0.6275,0.15441,0.00134,0.0,1.0,0.38495
T2 expression/space,0.1,0.3,raw-expression Hungarian,2,8,0,0,0.25,1.0,0.52,1.0,-0.00466,0.005477,0.52,1.0,-0.00466,0.005477,0.48,0.992,0.11365,0.359579,0.00126,0.0,1.0,-0.00389,0.00214,0.03846,0.6275,0.15441,0.00134,0.0,1.0,0.38495
T2 expression/space,0.1,0.3,random coordinate transfer,1,7,1,0,0.125,0.875,0.52,1.0,-0.00466,0.005477,0.52,1.0,-0.00466,0.005477,0.48,0.992,0.11365,0.359579,0.00147,0.0,1.0,0.14846,0.00214,0.03846,0.6275,0.15441,0.00134,0.0,1.0,0.38495
T2 expression/space,0.1,0.3,same-index coordinate transfer,1,8,0,0,0.125,1.0,0.52,1.0,-0.00466,0.005477,0.52,1.0,-0.00466,0.005477,0.48,0.992,0.11365,0.359579,0.00134,0.0,1.0,0.13644,0.00214,0.03846,0.6275,0.15441,0.00134,0.0,1.0,0.38495
T2 expression/space,0.1,0.6,spatial transplant,2,8,0,0,0.25,1.0,0.52,1.0,-0.00466,0.005477,0.52,1.0,-0.00466,0.005477,0.48,0.9892,0.11976,0.482119,0.00126,0.0,1.0,-0.00389,0.00214,0.03846,0.6275,0.15441,0.00134,0.0,1.0,0.40655
T2 expression/space,0.1,0.6,raw-expression Hungarian,2,8,0,0,0.25,1.0,0.52,1.0,-0.00466,0.005477,0.52,1.0,-0.00466,0.005477,0.48,0.9892,0.11976,0.482119,0.00126,0.0,1.0,-0.00389,0.00214,0.03846,0.6275,0.15441,0.00134,0.0,1.0,0.40655
T2 expression/space,0.1,0.6,random coordinate transfer,1,7,1,0,0.125,0.875,0.52,1.0,-0.00466,0.005477,0.52,1.0,-0.00466,0.005477,0.48,0.9892,0.11976,0.482119,0.00147,0.0,1.0,0.14846,0.00214,0.03846,0.6275,0.15441,0.00134,0.0,1.0,0.40655
T2 expression/space,0.1,0.6,same-index coordinate transfer,1,8,0,0,0.125,1.0,0.52,1.0,-0.00466,0.005477,0.52,1.0,-0.00466,0.005477,0.48,0.9892,0.11976,0.482119,0.00134,0.0,1.0,0.13644,0.00214,0.03846,0.6275,0.15441,0.00134,0.0,1.0,0.40655
T2 expression/space,0.3,0.1,spatial transplant,2,8,0,0,0.25,1.0,0.52,1.0,0.02176,0.010856,0.52,1.0,0.02176,0.010856,0.48,0.9933,0.11367,0.320961,0.00126,0.0,1.0,0.02985,0.00214,0.03846,0.6275,0.19891,0.00134,0.0,1.0,0.38647
T2 expression/space,0.3,0.1,raw-expression Hungarian,2,8,0,0,0.25,1.0,0.52,1.0,0.02176,0.010856,0.52,1.0,0.02176,0.010856,0.48,0.9933,0.11367,0.320961,0.00126,0.0,1.0,0.02985,0.00214,0.03846,0.6275,0.19891,0.00134,0.0,1.0,0.38647
T2 expression/space,0.3,0.1,random coordinate transfer,1,7,1,0,0.125,0.875,0.52,1.0,0.02176,0.010856,0.52,1.0,0.02176,0.010856,0.48,0.9933,0.11367,0.320961,0.00147,0.0,1.0,0.19499,0.00214,0.03846,0.6275,0.19891,0.00134,0.0,1.0,0.38647
T2 expression/space,0.3,0.1,same-index coordinate transfer,1,8,0,0,0.125,1.0,0.52,1.0,0.02176,0.010856,0.52,1.0,0.02176,0.010856,0.48,0.9933,0.11367,0.320961,0.00134,0.0,1.0,0.18519,0.00214,0.03846,0.6275,0.19891,0.00134,0.0,1.0,0.38647
T2 expression/space,0.3,0.3,spatial transplant,2,8,0,0,0.25,1.0,0.52,1.0,0.02176,0.010856,0.52,1.0,0.02176,0.010856,0.48,0.992,0.11365,0.359579,0.00126,0.0,1.0,0.02985,0.00214,0.03846,0.6275,0.19891,0.00134,0.0,1.0,0.38495
T2 expression/space,0.3,0.3,raw-expression Hungarian,2,8,0,0,0.25,1.0,0.52,1.0,0.02176,0.010856,0.52,1.0,0.02176,0.010856,0.48,0.992,0.11365,0.359579,0.00126,0.0,1.0,0.02985,0.00214,0.03846,0.6275,0.19891,0.00134,0.0,1.0,0.38495
T2 expression/space,0.3,0.3,random coordinate transfer,1,7,1,0,0.125,0.875,0.52,1.0,0.02176,0.010856,0.52,1.0,0.02176,0.010856,0.48,0.992,0.11365,0.359579,0.00147,0.0,1.0,0.19499,0.00214,0.03846,0.6275,0.19891,0.00134,0.0,1.0,0.38495
T2 expression/space,0.3,0.3,same-index coordinate transfer,1,8,0,0,0.125,1.0,0.52,1.0,0.02176,0.010856,0.52,1.0,0.02176,0.010856,0.48,0.992,0.11365,0.359579,0.00134,0.0,1.0,0.18519,0.00214,0.03846,0.6275,0.19891,0.00134,0.0,1.0,0.38495
T2 expression/space,0.3,0.6,spatial transplant,2,8,0,0,0.25,1.0,0.52,1.0,0.02176,0.010856,0.52,1.0,0.02176,0.010856,0.48,0.9892,0.11976,0.482119,0.00126,0.0,1.0,0.02985,0.00214,0.03846,0.6275,0.19891,0.00134,0.0,1.0,0.40655
T2 expression/space,0.3,0.6,raw-expression Hungarian,2,8,0,0,0.25,1.0,0.52,1.0,0.02176,0.010856,0.52,1.0,0.02176,0.010856,0.48,0.9892,0.11976,0.482119,0.00126,0.0,1.0,0.02985,0.00214,0.03846,0.6275,0.19891,0.00134,0.0,1.0,0.40655
T2 expression/space,0.3,0.6,random coordinate transfer,1,7,1,0,0.125,0.875,0.52,1.0,0.02176,0.010856,0.52,1.0,0.02176,0.010856,0.48,0.9892,0.11976,0.482119,0.00147,0.0,1.0,0.19499,0.00214,0.03846,0.6275,0.19891,0.00134,0.0,1.0,0.40655
T2 expression/space,0.3,0.6,same-index coordinate transfer,1,8,0,0,0.125,1.0,0.52,1.0,0.02176,0.010856,0.52,1.0,0.02176,0.010856,0.48,0.9892,0.11976,0.482119,0.00134,0.0,1.0,0.18519,0.00214,0.03846,0.6275,0.19891,0.00134,0.0,1.0,0.40655
T2 expression/space,0.6,0.1,spatial transplant,2,8,0,0,0.25,1.0,0.52,1.0,0.08776,0.0119,0.52,1.0,0.08776,0.0119,0.48,0.9933,0.11367,0.320961,0.0013,0.0,1.0,0.14518,0.00214,0.03846,0.6275,0.24715,0.00134,0.0,1.0,0.38647
T2 expression/space,0.6,0.1,raw-expression Hungarian,2,8,0,0,0.25,1.0,0.52,1.0,0.08776,0.0119,0.52,1.0,0.08776,0.0119,0.48,0.9933,0.11367,0.320961,0.00126,0.0,1.0,0.14296,0.00214,0.03846,0.6275,0.24715,0.00134,0.0,1.0,0.38647
T2 expression/space,0.6,0.1,random coordinate transfer,1,7,1,0,0.125,0.875,0.52,1.0,0.08776,0.0119,0.52,1.0,0.08776,0.0119,0.48,0.9933,0.11367,0.320961,0.00147,0.0,1.0,0.24539,0.00214,0.03846,0.6275,0.24715,0.00134,0.0,1.0,0.38647
T2 expression/space,0.6,0.1,same-index coordinate transfer,1,8,0,0,0.125,1.0,0.52,1.0,0.08776,0.0119,0.52,1.0,0.08776,0.0119,0.48,0.9933,0.11367,0.320961,0.00134,0.0,1.0,0.24289,0.00214,0.03846,0.6275,0.24715,0.00134,0.0,1.0,0.38647
T2 expression/space,0.6,0.3,spatial transplant,2,8,0,0,0.25,1.0,0.52,1.0,0.08776,0.0119,0.52,1.0,0.08776,0.0119,0.48,0.992,0.11365,0.359579,0.00131,0.0,1.0,0.14458,0.00214,0.03846,0.6275,0.24715,0.00134,0.0,1.0,0.38495
T2 expression/space,0.6,0.3,raw-expression Hungarian,2,8,0,0,0.25,1.0,0.52,1.0,0.08776,0.0119,0.52,1.0,0.08776,0.0119,0.48,0.992,0.11365,0.359579,0.00126,0.0,1.0,0.14296,0.00214,0.03846,0.6275,0.24715,0.00134,0.0,1.0,0.38495
T2 expression/space,0.6,0.3,random coordinate transfer,1,7,1,0,0.125,0.875,0.52,1.0,0.08776,0.0119,0.52,1.0,0.08776,0.0119,0.48,0.992,0.11365,0.359579,0.00147,0.0,1.0,0.24539,0.00214,0.03846,0.6275,0.24715,0.00134,0.0,1.0,0.38495
T2 expression/space,0.6,0.3,same-index coordinate transfer,1,8,0,0,0.125,1.0,0.52,1.0,0.08776,0.0119,0.52,1.0,0.08776,0.0119,0.48,0.992,0.11365,0.359579,0.00134,0.0,1.0,0.24289,0.00214,0.03846,0.6275,0.24715,0.00134,0.0,1.0,0.38495
T2 expression/space,0.6,0.6,spatial transplant,2,8,0,0,0.25,1.0,0.52,1.0,0.08776,0.0119,0.52,1.0,0.08776,0.0119,0.48,0.9892,0.11976,0.482119,0.00131,0.0,1.0,0.14806,0.00214,0.03846,0.6275,0.24715,0.00134,0.0,1.0,0.40655
T2 expression/space,0.6,0.6,raw-expression Hungarian,2,8,0,0,0.25,1.0,0.52,1.0,0.08776,0.0119,0.52,1.0,0.08776,0.0119,0.48,0.9892,0.11976,0.482119,0.00106,0.0,1.0,0.14505,0.00214,0.03846,0.6275,0.24715,0.00134,0.0,1.0,0.40655
T2 expression/space,0.6,0.6,random coordinate transfer,1,7,1,0,0.125,0.875,0.52,1.0,0.08776,0.0119,0.52,1.0,0.08776,0.0119,0.48,0.9892,0.11976,0.482119,0.00147,0.0,1.0,0.24539,0.00214,0.03846,0.6275,0.24715,0.00134,0.0,1.0,0.40655
T2 expression/space,0.6,0.6,same-index coordinate transfer,1,8,0,0,0.125,1.0,0.52,1.0,0.08776,0.0119,0.52,1.0,0.08776,0.0119,0.48,0.9892,0.11976,0.482119,0.00134,0.0,1.0,0.24289,0.00214,0.03846,0.6275,0.24715,0.00134,0.0,1.0,0.40655
