method,mean_error_level,residual_error_level,mean_disagreement,variance_disagreement,covariance_disagreement,marginal_wasserstein,cell_count_log_ratio,spatial_shape_disagreement,assignment_ambiguity,mutual_nn_fraction,better_parent_preserved_fraction,strict_win_fraction,losses_vs_both,marginal_error_level,rank_corruption_fraction,expression_corruption,matching_noise
mean graft,0.0,0.0,1.000469255919046,1.4610239584532434,1.76470588038098,1.4786459671585404,0.0,,,,1.0,0.5,0.0,,,,
mean graft,0.0,0.1,1.000469255942448,1.356435937576904,1.7125829128497692,1.6190556242971412,0.0,,,,1.0,0.5,0.0,,,,
mean graft,0.0,0.3,1.0004692559338058,1.1733810020409305,1.5524644741807963,1.8963848596328055,0.0,,,,1.0,0.5,0.0,,,,
mean graft,0.0,0.6,1.000469255909037,1.1154065185953703,1.2459750676184507,1.9922431427760632,0.0,,,,1.0,0.5,0.0,,,,
mean graft,0.0,1.0,1.000469255919046,1.4610239584532434,1.648425260182139,1.4786459671585404,0.0,,,,0.75,0.25,0.0,,,,
mean graft,0.1,0.0,0.9077224685907839,1.461023957501047,1.7647058815224423,1.38587143980257,0.0,,,,1.0,0.5,0.0,,,,
mean graft,0.1,0.1,0.9077224686035312,1.3564359366247074,1.7125829141923123,1.5143057707598122,0.0,,,,1.0,0.5,0.0,,,,
mean graft,0.1,0.3,0.9077224685938033,1.1733810010887342,1.5524644746819436,1.7713136407619345,0.0,,,,1.0,0.5,0.0,,,,
mean graft,0.1,0.6,0.9077224685775991,1.115406517643174,1.2459750674701935,1.8608506928178683,0.0,,,,1.0,0.5,0.0,,,,
mean graft,0.1,1.0,0.9077224685907839,1.461023957501047,1.6484252614855652,1.38587143980257,0.0,,,,0.75,0.25,0.0,,,,
mean graft,0.3,0.0,0.7363919654823159,1.4610239594288805,1.7647058841708947,1.211343269975241,0.0,,,,1.0,0.5,0.0,,,,
mean graft,0.3,0.1,0.7363919654775287,1.3564359385525413,1.712582917430543,1.3109929324151162,0.0,,,,1.0,0.5,0.0,,,,
mean graft,0.3,0.3,0.7363919654660077,1.1733810030165681,1.55246448046734,1.5261505998174016,0.0,,,,1.0,0.5,0.0,,,,
mean graft,0.3,0.6,0.7363919654638952,1.1154065195710077,1.2459750757612231,1.6027193894334817,0.0,,,,1.0,0.5,0.0,,,,
mean graft,0.3,1.0,0.7363919654823159,1.4610239594288805,1.648425263973184,1.211343269975241,0.0,,,,0.75,0.25,0.0,,,,
mean graft,0.6,0.0,0.5105002117174157,1.461023957890743,1.7647058814200256,0.9735571060774763,0.0,,,,1.0,0.5,0.0,,,,
mean graft,0.6,0.1,0.5105002116936664,1.3564359370144035,1.7125829141158726,1.032763052034589,0.0,,,,1.0,0.5,0.0,,,,
mean graft,0.6,0.3,0.5105002116802162,1.1733810014784303,1.5524644763460602,1.1733525078198135,0.0,,,,1.0,0.5,0.0,,,,
mean graft,0.6,0.6,0.5105002116933486,1.11540651803287,1.2459750723106104,1.2274998084860809,0.0,,,,1.0,0.5,0.0,,,,
mean graft,0.6,1.0,0.5105002117174157,1.461023957890743,1.6484252610207701,0.9735571060774763,0.0,,,,0.75,0.25,0.0,,,,
mean graft,1.2,0.0,0.1472946567813764,1.4610239573174721,1.7647058867509529,0.8282777276172877,0.0,,,,1.0,0.5,0.0,,,,
mean graft,1.2,0.1,0.14729465673658182,1.3564359364411327,1.7125829205690604,0.7932467879269965,0.0,,,,1.0,0.5,0.0,,,,
mean graft,1.2,0.3,0.14729465672110822,1.1733810009051593,1.5524644842873776,0.786525071711995,0.0,,,,1.0,0.5,0.0,,,,
mean graft,1.2,0.6,0.14729465675122358,1.115406517459599,1.2459750853452531,0.795818837141006,0.0,,,,1.0,0.5,0.0,,,,
mean graft,1.2,1.0,0.1472946567813764,1.4610239573174721,1.648425268770444,0.8282777276172877,0.0,,,,0.75,0.25,0.0,,,,
quantile graft,,,0.6719894708805743,0.18689491531613034,1.4139545565756377,0.6820508417257076,0.0,,,,1.0,0.5,0.0,0.0,0.0,,
quantile graft,,,0.6719894708805743,0.1868949153161303,1.330273288542656,0.6820508417257076,0.0,,,,1.0,0.5,0.0,0.0,0.1,,
quantile graft,,,0.6719894708805743,0.1868949153161303,1.1414403804612,0.6820508417257076,0.0,,,,1.0,0.5,0.0,0.0,0.3,,
quantile graft,,,0.6719894708805743,0.1868949153161303,0.8194875788237016,0.6820508417257076,0.0,,,,1.0,0.5,0.0,0.0,0.6,,
quantile graft,,,0.6719894708805743,0.1868949153161303,0.7562371162815443,0.6820508417257076,0.0,,,,1.0,0.5,0.0,0.0,1.0,,
quantile graft,,,0.5900119609513337,0.17502751013619938,1.3684105496424204,0.5694192060107961,0.0,,,,1.0,0.5,0.0,0.1,0.0,,
quantile graft,,,0.5900119609513337,0.17502751013619938,1.2829056684554678,0.569419206010796,0.0,,,,1.0,0.5,0.0,0.1,0.1,,
quantile graft,,,0.5900119609513337,0.17502751013619938,1.09391880736779,0.569419206010796,0.0,,,,1.0,0.5,0.0,0.1,0.3,,
quantile graft,,,0.5900119609513337,0.17502751013619938,0.7839762768281702,0.569419206010796,0.0,,,,1.0,0.5,0.0,0.1,0.6,,
quantile graft,,,0.5900119609513337,0.17502751013619938,0.7245315658201779,0.5694192060107961,0.0,,,,1.0,0.5,0.0,0.1,1.0,,
quantile graft,,,0.450865059691522,0.2050375927524979,1.2793262612591345,0.37155458451003504,0.0,,,,1.0,0.5,0.0,0.3,0.0,,
quantile graft,,,0.450865059691522,0.2050375927524979,1.195502679987713,0.37155458451003504,0.0,,,,1.0,0.5,0.0,0.3,0.1,,
quantile graft,,,0.450865059691522,0.2050375927524979,1.018236734432862,0.37155458451003504,0.0,,,,1.0,0.5,0.0,0.3,0.3,,
quantile graft,,,0.450865059691522,0.2050375927524979,0.7648118985466748,0.37155458451003504,0.0,,,,1.0,0.5,0.0,0.3,0.6,,
quantile graft,,,0.450865059691522,0.2050375927524979,0.7259365448775164,0.37155458451003504,0.0,,,,1.0,0.5,0.0,0.3,1.0,,
quantile graft,,,0.3113575894383277,0.3461148010482325,1.1936371158735855,0.2593829935810533,0.0,,,,1.0,0.5,0.0,0.6,0.0,,
quantile graft,,,0.3113575894383277,0.3461148010482325,1.1226430544375778,0.2593829935810533,0.0,,,,1.0,0.5,0.0,0.6,0.1,,
quantile graft,,,0.3113575894383277,0.3461148010482325,0.9915476157107855,0.2593829935810533,0.0,,,,1.0,0.5,0.0,0.6,0.3,,
quantile graft,,,0.3113575894383277,0.3461148010482325,0.8467930405586057,0.2593829935810533,0.0,,,,1.0,0.5,0.0,0.6,0.6,,
quantile graft,,,0.3113575894383277,0.3461148010482325,0.8292252077812848,0.2593829935810533,0.0,,,,1.0,0.5,0.0,0.6,1.0,,
quantile graft,,,0.32684688589293515,0.5823012967615439,1.1590562523285826,0.5111183026356528,0.0,,,,0.0,0.0,0.0,1.2,0.0,,
quantile graft,,,0.32684688589293515,0.5823012967615439,1.133065067259508,0.5111183026356528,0.0,,,,0.0,0.0,0.0,1.2,0.1,,
quantile graft,,,0.32684688589293515,0.5823012967615439,1.1067443802680628,0.5111183026356528,0.0,,,,0.0,0.0,0.0,1.2,0.3,,
quantile graft,,,0.32684688589293515,0.5823012967615439,1.1135390180599776,0.5111183026356528,0.0,,,,0.0,0.0,0.0,1.2,0.6,,
quantile graft,,,0.32684688589293515,0.5823012967615439,1.1141869940859992,0.5111183026356528,0.0,,,,0.0,0.0,0.0,1.2,1.0,,
spatial transplant,,,0.8340758199896418,3.7111750109561046e-08,3.126810472264002e-08,0.6887718323987145,0.0,5.926969055564841e-16,2.858247507078928e-08,1.0,1.0,0.25,0.0,,,0.0,0.0
spatial transplant,,,0.8336243230452002,0.46793875255360695,0.050331636673541576,0.6870975770244784,0.0,5.926969055564841e-16,0.09337821817902758,1.0,1.0,0.25,0.0,,,0.0,0.1
spatial transplant,,,0.8367681590619217,0.8388578091196309,0.149374589171409,0.6793351955313572,0.0,5.926969055564841e-16,0.2808467859664877,1.0,1.0,0.25,0.0,,,0.0,0.3
spatial transplant,,,0.8519983529258329,1.2102738907725963,0.3251540298834141,0.6787142870290604,0.0,5.926969055564841e-16,0.5144284190531052,1.0,1.0,0.25,0.0,,,0.0,0.6
spatial transplant,,,0.9011515117345432,1.5929973735664562,0.5639606903035539,0.6965066567064037,0.0,5.926969055564841e-16,0.7411287080378454,0.9133333333333333,1.0,0.25,0.0,,,0.0,1.0
spatial transplant,,,0.834075821542001,0.17113942036667582,0.2145753201018642,0.7221190166008825,0.0,5.926969055564841e-16,0.1795161700140424,1.0,1.0,0.25,0.0,,,0.1,0.0
spatial transplant,,,0.8336243246003938,0.6333343818815272,0.2216739481225545,0.7203057442628532,0.0,5.926969055564841e-16,0.20141650730103297,1.0,1.0,0.25,0.0,,,0.1,0.1
spatial transplant,,,0.8367681606155151,1.009638891894837,0.29942712036475233,0.7113243401584439,0.0,5.926969055564841e-16,0.3542322754435263,1.0,1.0,0.25,0.0,,,0.1,0.3
spatial transplant,,,0.8519983544739576,1.381413310096938,0.4437076073488375,0.706665336483163,0.0,5.926969055564841e-16,0.5722148935040136,0.9933333333333333,1.0,0.25,0.0,,,0.1,0.6
spatial transplant,,,0.9011515132675568,1.7641367928907978,0.6878671042429519,0.720708491469116,0.0,5.926969055564841e-16,0.7988336048819847,0.84,1.0,0.25,0.0,,,0.1,1.0
spatial transplant,,,0.8340758193748622,0.47099718129277923,0.6461532327677132,0.7836941801267214,0.0,5.926969055564841e-16,0.5393415905314572,1.0,1.0,0.25,0.0,,,0.3,0.0
spatial transplant,,,0.8336243224289703,0.9331921428076307,0.6485366088174391,0.7728988021407158,0.0,5.926969055564841e-16,0.5442734416859435,1.0,1.0,0.25,0.0,,,0.3,0.1
spatial transplant,,,0.8367681584492876,1.3094966528209402,0.7027645843902591,0.7591812995709896,0.0,5.926969055564841e-16,0.6205562716781243,0.98,1.0,0.25,0.0,,,0.3,0.3
spatial transplant,,,0.8519983523039046,1.6812710710230412,0.784467603580712,0.7515053948692737,0.0,5.926969055564841e-16,0.7593056848669009,0.8733333333333333,1.0,0.25,0.0,,,0.3,0.6
spatial transplant,,,0.9011515111285675,2.0639945538169013,0.9812064154851544,0.7579809105029149,0.0,5.926969055564841e-16,0.878657542191865,0.5733333333333334,1.0,0.25,0.0,,,0.3,1.0
spatial transplant,,,0.8340758200608195,0.5660635585197898,1.0794306187455496,0.8670997490722657,0.0,5.926969055564841e-16,0.9029435828039092,0.44666666666666666,1.0,0.25,0.0,,,0.6,0.0
spatial transplant,,,0.8336243231187019,1.0282585200346412,1.0809980099242344,0.8156037305830928,0.0,5.926969055564841e-16,0.9004679806966435,0.4266666666666667,1.0,0.25,0.0,,,0.6,0.1
spatial transplant,,,0.8367681591322295,1.4045630300479508,1.111597661326791,0.7744049686086932,0.0,5.926969055564841e-16,0.909348366849116,0.44666666666666666,1.0,0.25,0.0,,,0.6,0.3
spatial transplant,,,0.8519983529887319,1.7763374482500518,1.1331335466225132,0.7646156022623687,0.0,5.926969055564841e-16,0.9144025108807591,0.29333333333333333,1.0,0.25,0.0,,,0.6,0.6
spatial transplant,,,0.9011515118194142,2.159060931043912,1.2391758654229479,0.7689520262030706,0.0,5.926969055564841e-16,0.9207945217381731,0.21333333333333335,1.0,0.25,0.0,,,0.6,1.0
spatial transplant,,,0.8340758199896418,3.7111750098458813e-08,1.0052256443871441,0.6887718323987145,0.0,5.926969055564841e-16,0.9290948241812832,0.26666666666666666,0.625,0.125,0.0,,,1.0,0.0
spatial transplant,,,0.8336243230452002,0.46793875255360695,1.000750495981806,0.6870975770244784,0.0,5.926969055564841e-16,0.9293006883345284,0.26,0.875,0.125,1.0,,,1.0,0.1
spatial transplant,,,0.8367681590619217,0.8388578091196309,0.9994684429881837,0.6793351955313572,0.0,5.926969055564841e-16,0.9328669085851317,0.25333333333333335,0.875,0.125,1.0,,,1.0,0.3
spatial transplant,,,0.8519983529258329,1.2102738907725963,0.9536064733634916,0.6787142870290604,0.0,5.926969055564841e-16,0.9288652693425395,0.28,1.0,0.25,0.0,,,1.0,0.6
spatial transplant,,,0.9011515117345432,1.5929973735664564,0.9885428153994887,0.6965066567064037,0.0,5.926969055564841e-16,0.9185272035110025,0.24,0.625,0.125,1.0,,,1.0,1.0
