kind,label,angle_deg,det_rotation,pca_sign_parity,pca_signs,pca_basis_offdiag,d2_shape,sliced_wasserstein,sliced_wasserstein_sign_spread,occupancy_dice,occupancy_resolution,scale_log_ratio
z_sweep,z_000,0.0,1.0,1,+++,2.9982915033211595e-16,0.0012572376974890748,4.548365920190323e-16,0.08091466581294968,1.0,1.9142807884020079,0.0
z_sweep,z_005,5.0,1.0,1,+++,9.257693978402868e-16,0.0012572376974890748,5.280325086681401e-16,0.08091466581294961,1.0,1.9142807884020079,0.0
z_sweep,z_010,10.0,0.9999999999999999,1,+++,9.758862157152062e-16,0.0012572376974890767,4.52326556473013e-16,0.08091466581294972,1.0,1.9142807884020079,0.0
z_sweep,z_015,15.0,0.9999999999999999,1,+++,1.3743507342957129e-15,0.0012572376974890774,2.8492255393861485e-16,0.08091466581294986,1.0,1.9142807884020079,0.0
z_sweep,z_020,20.0,1.0,-1,++-,1.7370966263085899e-15,0.0012572376974890735,4.601892475484919e-16,0.08091466581294972,1.0,1.9142807884020079,0.0
z_sweep,z_025,25.0,0.9999999999999999,-1,-++,2.1599946860158266e-15,0.0012572376974890789,0.03846190335398334,0.03911966728071888,0.6274509803921569,1.9142807884020079,0.0
z_sweep,z_030,30.0,1.0,-1,-++,7.514643928001574e-16,0.001257237697489073,0.038461903353983355,0.039119667280718855,0.6274509803921569,1.9142807884020079,0.0
z_sweep,z_035,35.0,1.0,-1,-++,8.53146084152303e-16,0.001257237697489077,0.03846190335398335,0.039119667280718876,0.6274509803921569,1.9142807884020079,0.0
z_sweep,z_040,40.0,0.9999999999999998,-1,-++,9.678014236686152e-16,0.00125723769748908,0.038461903353983355,0.03911966728071884,0.6274509803921569,1.9142807884020079,0.0
z_sweep,z_045,45.0,1.0,-1,-++,1.2735590083276525e-15,0.001257237697489076,0.038461903353983355,0.03911966728071887,0.6274509803921569,1.9142807884020079,0.0
z_sweep,z_050,50.0,1.0,-1,-++,2.236335931489148e-15,0.001257237697489075,0.03846190335398334,0.03911966728071887,0.6274509803921569,1.9142807884020079,0.0
z_sweep,z_055,55.0,1.0,-1,-++,1.7463687991050807e-15,0.001257237697489076,0.03846190335398334,0.03911966728071888,0.6274509803921569,1.9142807884020079,0.0
z_sweep,z_060,60.0,1.0,-1,-++,1.710537579800913e-15,0.0012572376974890772,0.038461903353983355,0.039119667280718855,0.6274509803921569,1.9142807884020079,0.0
z_sweep,z_065,65.0,0.9999999999999999,-1,-++,1.1908340490412448e-15,0.001257237697489077,0.03846190335398334,0.039119667280718855,0.6274509803921569,1.9142807884020079,0.0
z_sweep,z_070,70.0,0.9999999999999999,-1,-++,7.838742804572024e-16,0.0012572376974890752,0.03846190335398334,0.03911966728071887,0.6274509803921569,1.9142807884020079,0.0
z_sweep,z_075,75.0,0.9999999999999999,-1,-++,1.1050891818832839e-14,0.0012572376974890693,0.03846190335398336,0.039119667280718834,0.6274509803921569,1.9142807884020079,0.0
z_sweep,z_080,80.0,0.9999999999999999,-1,---,7.26829934091572e-16,0.0012572376974890754,0.03846190335398334,0.03911966728071888,0.6274509803921569,1.9142807884020079,0.0
z_sweep,z_085,85.0,1.0,-1,---,1.000955503303432e-15,0.0012572376974890724,0.03846190335398334,0.03911966728071888,0.6274509803921569,1.9142807884020079,0.0
z_sweep,z_090,90.0,1.0,-1,-++,1.148294781138242e-15,0.001257237697489073,0.03846190335398334,0.039119667280718855,0.6274509803921569,1.9142807884020079,0.0
z_sweep,z_095,95.0,1.0,-1,-++,5.51118335049147e-16,0.0012572376974890752,0.03846190335398334,0.03911966728071888,0.6274509803921569,1.9142807884020079,0.0
z_sweep,z_100,100.0,0.9999999999999999,-1,-++,6.89250023436733e-16,0.0012572376974890772,0.03846190335398334,0.03911966728071888,0.6274509803921569,1.9142807884020079,0.0
z_sweep,z_105,105.0,1.0000000000000002,-1,-++,5.260096298132099e-16,0.0012572376974890743,0.03846190335398335,0.039119667280718876,0.6274509803921569,1.9142807884020079,0.0
z_sweep,z_110,110.0,1.0,-1,-++,9.47306274097676e-16,0.0012572376974890752,3.5019114344447823e-16,0.08091466581294979,1.0,1.9142807884020079,0.0
z_sweep,z_115,115.0,1.0,-1,-++,6.172158912673358e-16,0.0012572376974890787,3.266808228733394e-16,0.08091466581294982,1.0,1.9142807884020079,0.0
z_sweep,z_120,120.0,1.0,-1,-++,4.334596867862062e-16,0.0012572376974890776,1.4874382424180077e-16,0.08091466581295,1.0,1.9142807884020079,0.0
z_sweep,z_125,125.0,0.9999999999999999,1,--+,1.5909317651220737e-15,0.0012572376974890778,2.4177379300717217e-16,0.0809146658129499,1.0,1.9142807884020079,0.0
z_sweep,z_130,130.0,1.0,1,--+,1.5068467023414812e-14,0.0012572376974890787,3.132489350285283e-15,0.08091466581294705,1.0,1.9142807884020079,0.0
z_sweep,z_135,135.0,1.0,1,--+,1.588400392088401e-15,0.0012572376974890765,1.9775432692929172e-16,0.08091466581294994,1.0,1.9142807884020079,0.0
z_sweep,z_140,140.0,1.0,1,--+,3.065655536618263e-15,0.0012572376974890754,2.8956302913528293e-16,0.08091466581294986,1.0,1.9142807884020079,0.0
z_sweep,z_145,145.0,1.0,1,--+,1.6888743614362806e-15,0.0012572376974890756,5.025892959549411e-16,0.08091466581294965,1.0,1.9142807884020079,0.0
z_sweep,z_150,150.0,1.0,1,--+,1.1993732236452878e-15,0.0012572376974890752,1.637911210560355e-16,0.08091466581294997,1.0,1.9142807884020079,0.0
z_sweep,z_155,155.0,0.9999999999999999,1,-+-,8.428547654060199e-16,0.0012572376974890813,5.543075565246404e-16,0.08091466581294958,1.0,1.9142807884020079,0.0
z_sweep,z_160,160.0,1.0,1,-+-,6.051597973606284e-16,0.0012572376974890759,2.9279495178579385e-16,0.08091466581294986,1.0,1.9142807884020079,0.0
z_sweep,z_165,165.0,1.0,1,--+,8.437005666844967e-16,0.001257237697489074,2.8436869693856603e-16,0.0809146658129499,1.0,1.9142807884020079,0.0
z_sweep,z_170,170.0,0.9999999999999999,1,--+,7.986006600670892e-16,0.0012572376974890774,2.4063057996919283e-16,0.08091466581294994,1.0,1.9142807884020079,0.0
z_sweep,z_175,175.0,1.0,1,--+,7.229013158861015e-16,0.001257237697489074,3.7451524854799933e-16,0.08091466581294977,1.0,1.9142807884020079,0.0
z_sweep,z_180,180.0,1.0,1,+++,4.891261655465388e-16,0.0012572376974890778,2.1746503885116073e-16,0.08091466581294991,1.0,1.9142807884020079,0.0
z_sweep,z_185,185.0,1.0,1,+++,1.1226663858836956e-15,0.0012572376974890763,4.840384016273231e-16,0.08091466581294965,1.0,1.9142807884020079,0.0
z_sweep,z_190,190.0,0.9999999999999999,1,+++,2.66465455711608e-15,0.0012572376974890804,3.4729220367568646e-16,0.0809146658129498,1.0,1.9142807884020079,0.0
z_sweep,z_195,195.0,1.0000000000000002,1,+++,1.2283468022915448e-15,0.001257237697489076,6.380839351902493e-16,0.0809146658129495,1.0,1.9142807884020079,0.0
z_sweep,z_200,200.0,1.0,-1,++-,6.211613926951295e-16,0.001257237697489076,3.5165547864416066e-16,0.08091466581294983,1.0,1.9142807884020079,0.0
z_sweep,z_205,205.0,1.0,-1,-++,1.0118885362418712e-15,0.0012572376974890763,0.038461903353983355,0.03911966728071887,0.6274509803921569,1.9142807884020079,0.0
z_sweep,z_210,210.0,1.0,-1,-++,7.063362605807324e-16,0.0012572376974890813,0.03846190335398335,0.039119667280718876,0.6274509803921569,1.9142807884020079,0.0
z_sweep,z_215,215.0,1.0,-1,-++,1.1228038197642224e-15,0.0012572376974890804,0.03846190335398335,0.03911966728071886,0.6274509803921569,1.9142807884020079,0.0
z_sweep,z_220,220.0,0.9999999999999998,-1,-++,8.504908230868953e-16,0.0012572376974890843,0.038461903353983355,0.03911966728071884,0.6274509803921569,1.9142807884020079,0.0
z_sweep,z_225,225.0,1.0000000000000002,-1,-++,1.317538683239511e-15,0.0012572376974890793,0.03846190335398334,0.03911966728071887,0.6274509803921569,1.9142807884020079,0.0
z_sweep,z_230,230.0,1.0,-1,-++,2.045326314677817e-15,0.0012572376974890795,0.03846190335398334,0.03911966728071888,0.6274509803921569,1.9142807884020079,0.0
z_sweep,z_235,235.0,0.9999999999999999,-1,-++,7.155509128342342e-16,0.0012572376974890843,0.03846190335398334,0.039119667280718855,0.6274509803921569,1.9142807884020079,0.0
z_sweep,z_240,240.0,1.0,-1,-++,1.3348602329412836e-15,0.0012572376974890845,0.038461903353983355,0.03911966728071884,0.6274509803921569,1.9142807884020079,0.0
z_sweep,z_245,245.0,0.9999999999999999,-1,-++,4.907124364025601e-16,0.0012572376974890878,0.03846190335398334,0.039119667280718855,0.6274509803921569,1.9142807884020079,0.0
z_sweep,z_250,250.0,1.0,-1,-++,7.85990603146806e-16,0.001257237697489089,0.038461903353983334,0.039119667280718876,0.6274509803921569,1.9142807884020079,0.0
z_sweep,z_255,255.0,0.9999999999999999,-1,-++,1.041836798803899e-14,0.0012572376974890878,0.03846190335398337,0.03911966728071881,0.6274509803921569,1.9142807884020079,0.0
z_sweep,z_260,260.0,0.9999999999999999,-1,---,1.6851757364436658e-15,0.0012572376974890882,0.03846190335398334,0.03911966728071887,0.6274509803921569,1.9142807884020079,0.0
z_sweep,z_265,265.0,1.0,-1,---,3.0831170897810397e-16,0.0012572376974890863,0.03846190335398334,0.03911966728071888,0.6274509803921569,1.9142807884020079,0.0
z_sweep,z_270,270.0,1.0,-1,-++,3.7575372732136877e-16,0.0012572376974890839,0.03846190335398334,0.039119667280718855,0.6274509803921569,1.9142807884020079,0.0
z_sweep,z_275,275.0,1.0,-1,-++,3.760676864182599e-16,0.0012572376974890843,0.038461903353983334,0.03911966728071886,0.6274509803921569,1.9142807884020079,0.0
z_sweep,z_280,280.0,1.0,-1,-++,4.740972365353411e-16,0.0012572376974890815,0.03846190335398334,0.039119667280718855,0.6274509803921569,1.9142807884020079,0.0
z_sweep,z_285,285.0,1.0,-1,-++,6.705558330570436e-16,0.0012572376974890787,0.03846190335398334,0.03911966728071888,0.6274509803921569,1.9142807884020079,0.0
z_sweep,z_290,290.0,1.0,-1,-++,1.068170662278138e-15,0.0012572376974890774,2.7495163354574144e-16,0.08091466581294987,1.0,1.9142807884020079,0.0
z_sweep,z_295,295.0,1.0000000000000002,-1,-++,7.420592776840851e-16,0.0012572376974890735,2.318990381847419e-16,0.08091466581294991,1.0,1.9142807884020079,0.0
z_sweep,z_300,300.0,1.0,-1,-++,7.741179319568516e-16,0.0012572376974890726,3.931916017817574e-16,0.08091466581294976,1.0,1.9142807884020079,0.0
z_sweep,z_305,305.0,1.0,1,--+,3.4890966131434565e-16,0.0012572376974890782,1.9045007541504398e-16,0.08091466581294995,1.0,1.9142807884020079,0.0
z_sweep,z_310,310.0,0.9999999999999999,1,--+,1.565127758086365e-14,0.0012572376974890752,3.0277745448460044e-15,0.08091466581294716,1.0,1.9142807884020079,0.0
z_sweep,z_315,315.0,1.0,1,--+,1.0895389351815074e-15,0.0012572376974890754,4.288078645058498e-16,0.0809146658129497,1.0,1.9142807884020079,0.0
z_sweep,z_320,320.0,0.9999999999999999,1,--+,1.9289235025313264e-15,0.0012572376974890787,8.431615576449485e-16,0.0809146658129493,1.0,1.9142807884020079,0.0
z_sweep,z_325,325.0,1.0,1,--+,1.5840038593400153e-15,0.0012572376974890746,3.5286229595083797e-16,0.0809146658129498,1.0,1.9142807884020079,0.0
z_sweep,z_330,330.0,1.0,1,--+,1.086735917628298e-15,0.0012572376974890765,5.222840583593511e-16,0.08091466581294961,1.0,1.9142807884020079,0.0
z_sweep,z_335,335.0,1.0,1,-+-,1.957615386529798e-15,0.001257237697489079,3.240671805159664e-16,0.08091466581294986,1.0,1.9142807884020079,0.0
z_sweep,z_340,340.0,1.0,1,-+-,1.1582716689090835e-15,0.0012572376974890765,1.4558920520618806e-16,0.08091466581295001,1.0,1.9142807884020079,0.0
z_sweep,z_345,345.0,0.9999999999999999,1,--+,7.219501773862823e-16,0.0012572376974890778,2.1231595312160707e-16,0.08091466581294997,1.0,1.9142807884020079,0.0
z_sweep,z_350,350.0,0.9999999999999999,1,--+,5.81730345710685e-16,0.0012572376974890774,2.1939775390686599e-16,0.08091466581294995,1.0,1.9142807884020079,0.0
z_sweep,z_355,355.0,1.0,1,--+,1.4824023564637156e-15,0.001257237697489075,2.7623008770396214e-16,0.0809146658129499,1.0,1.9142807884020079,0.0
random_so3,random_00,,1.0,-1,++-,2.1321348906978237e-15,0.0012572376974890787,0.03846190335398334,0.03911966728071888,0.6274509803921569,1.9142807884020079,0.0
random_so3,random_01,,1.0000000000000002,-1,---,2.6090402275240605e-15,0.0012572376974890741,0.038461903353983355,0.03911966728071884,0.6274509803921569,1.9142807884020079,0.0
random_so3,random_02,,1.0000000000000002,1,-+-,1.1589677138795572e-15,0.0012572376974890808,3.200154496865032e-16,0.08091466581294982,1.0,1.9142807884020079,2.2204460492503128e-16
random_so3,random_03,,1.0000000000000004,-1,-++,9.055034634607513e-16,0.0012572376974890717,2.085311176304392e-16,0.08091466581294994,1.0,1.9142807884020079,2.2204460492503128e-16
random_so3,random_04,,0.9999999999999996,1,--+,1.0219414683475844e-15,0.0012572376974890882,0.03846190335398335,0.039119667280718876,0.6274509803921569,1.9142807884020079,-2.2204460492503136e-16
random_so3,random_05,,0.9999999999999998,1,--+,6.873904329846091e-16,0.001257237697489078,0.03846190335398335,0.03911966728071885,0.6274509803921569,1.9142807884020079,0.0
random_so3,random_06,,1.0000000000000004,1,--+,7.207951383932256e-16,0.0012572376974890908,4.597196813945921e-16,0.08091466581294968,1.0,1.9142807884020079,2.2204460492503128e-16
random_so3,random_07,,1.0,-1,---,5.356485052558598e-16,0.0012572376974890878,2.4748912184309355e-16,0.08091466581294988,1.0,1.9142807884020079,0.0
random_so3,random_08,,1.0000000000000002,-1,---,9.64736241073647e-16,0.0012572376974890787,4.1635103116179304e-16,0.08091466581294972,1.0,1.9142807884020079,0.0
random_so3,random_09,,1.0000000000000004,1,--+,6.952687026927319e-16,0.001257237697489072,4.4095821467628654e-16,0.0809146658129497,1.0,1.9142807884020079,2.2204460492503128e-16
random_so3,random_10,,0.9999999999999996,1,--+,1.5818635387521382e-15,0.0012572376974890696,0.03846190335398334,0.03911966728071888,0.6274509803921569,1.9142807884020079,-2.2204460492503136e-16
random_so3,random_11,,1.0000000000000004,1,--+,1.0694264150015191e-15,0.001257237697489086,3.2122405999252326e-16,0.08091466581294982,1.0,1.9142807884020079,0.0
random_so3,random_12,,0.9999999999999999,-1,-++,7.738155470010844e-16,0.00125723769748908,0.03846190335398333,0.039119667280718896,0.6274509803921569,1.9142807884020079,0.0
random_so3,random_13,,1.0,1,-+-,9.253356924683794e-16,0.0012572376974890878,0.03846190335398334,0.03911966728071888,0.6274509803921569,1.9142807884020079,0.0
random_so3,random_14,,0.9999999999999996,1,-+-,1.5259251664605823e-15,0.0012572376974890754,6.180589550714109e-16,0.08091466581294951,1.0,1.9142807884020079,-2.2204460492503136e-16
random_so3,random_15,,0.9999999999999998,1,-+-,3.0365626078252447e-15,0.0012572376974890782,0.03846190335398335,0.039119667280718876,0.6274509803921569,1.9142807884020079,0.0
random_so3,random_16,,1.0000000000000002,1,--+,1.9905572865542112e-15,0.0012572376974890912,0.03846190335398334,0.039119667280718855,0.6274509803921569,1.9142807884020079,0.0
random_so3,random_17,,0.9999999999999997,1,--+,1.7066780892225349e-15,0.0012572376974890908,2.3299295706744743e-16,0.08091466581294991,1.0,1.9142807884020079,-2.2204460492503136e-16
random_so3,random_18,,1.0,-1,-++,3.243030545825374e-14,0.0012572376974890867,0.038461903353983265,0.03911966728071899,0.6274509803921569,1.9142807884020079,0.0
random_so3,random_19,,1.0,1,--+,6.286442637241768e-16,0.0012572376974890804,0.038461903353983355,0.03911966728071887,0.6274509803921569,1.9142807884020079,0.0
random_so3,random_20,,1.0000000000000002,1,+++,1.1725612003925802e-15,0.0012572376974890687,6.882256984902697e-16,0.08091466581294948,1.0,1.9142807884020079,2.2204460492503128e-16
random_so3,random_21,,0.9999999999999998,1,--+,9.12177056655286e-16,0.0012572376974890865,5.7586428934125e-16,0.08091466581294958,1.0,1.9142807884020079,0.0
random_so3,random_22,,1.0,-1,---,8.956296996608024e-16,0.001257237697489077,0.03846190335398335,0.039119667280718876,0.6274509803921569,1.9142807884020079,0.0
random_so3,random_23,,0.9999999999999999,-1,---,3.377799206175449e-15,0.0012572376974890889,0.03846190335398333,0.03911966728071888,0.6274509803921569,1.9142807884020079,0.0
random_so3,random_24,,1.0000000000000002,1,-+-,5.690682488453627e-16,0.0012572376974890843,5.34826649384746e-16,0.08091466581294961,1.0,1.9142807884020079,0.0
random_so3,random_25,,1.0000000000000002,-1,-++,1.8421253846010335e-15,0.0012572376974890735,1.7217511957534164e-16,0.08091466581294997,1.0,1.9142807884020079,0.0
random_so3,random_26,,1.0,-1,+-+,2.2351522990460037e-15,0.0012572376974890704,4.316270661741152e-16,0.08091466581294975,1.0,1.9142807884020079,0.0
random_so3,random_27,,0.9999999999999996,-1,-++,6.9986224050346285e-16,0.0012572376974890947,4.2863634598091715e-16,0.08091466581294972,1.0,1.9142807884020079,-2.2204460492503136e-16
random_so3,random_28,,1.0,-1,+-+,5.537645950745167e-16,0.0012572376974890839,3.904415586595695e-16,0.08091466581294976,1.0,1.9142807884020079,0.0
random_so3,random_29,,1.0000000000000004,-1,---,1.1309096615185384e-15,0.001257237697489082,0.038461903353983334,0.039119667280718876,0.6274509803921569,1.9142807884020079,0.0
random_so3,random_30,,0.9999999999999998,-1,-++,5.721928706477339e-16,0.0012572376974890882,2.588721211496901e-16,0.08091466581294987,1.0,1.9142807884020079,0.0
random_so3,random_31,,1.0,-1,-++,2.589586023508838e-15,0.0012572376974890737,0.038461903353983334,0.039119667280718876,0.6274509803921569,1.9142807884020079,0.0
random_so3,random_32,,1.0,1,-+-,8.681136312324791e-16,0.0012572376974890741,0.038461903353983334,0.03911966728071889,0.6274509803921569,1.9142807884020079,0.0
random_so3,random_33,,1.0,1,-+-,6.915101030124886e-16,0.0012572376974890832,0.038461903353983334,0.03911966728071886,0.6274509803921569,1.9142807884020079,0.0
random_so3,random_34,,1.0,-1,-++,4.884393091422253e-16,0.0012572376974890726,0.038461903353983355,0.039119667280718855,0.6274509803921569,1.9142807884020079,0.0
random_so3,random_35,,1.0,-1,---,1.7719265936080112e-15,0.0012572376974890925,0.03846190335398333,0.03911966728071888,0.6274509803921569,1.9142807884020079,0.0
random_so3,random_36,,1.0,1,--+,1.3895711763212201e-15,0.0012572376974890765,2.913229743160481e-16,0.08091466581294988,1.0,1.9142807884020079,0.0
random_so3,random_37,,0.9999999999999996,-1,-++,1.042425679393453e-15,0.001257237697489095,2.5624381992719415e-16,0.08091466581294988,1.0,1.9142807884020079,-2.2204460492503136e-16
random_so3,random_38,,1.0000000000000002,-1,-++,9.839812330659742e-16,0.00125723769748908,2.4159895230608267e-16,0.08091466581294991,1.0,1.9142807884020079,0.0
random_so3,random_39,,1.0000000000000002,1,-+-,1.482699385351988e-15,0.0012572376974890808,0.03846190335398334,0.039119667280718855,0.6274509803921569,1.9142807884020079,0.0
random_so3,random_40,,1.0000000000000002,1,+++,1.8565903667610866e-16,0.0012572376974890804,0.03846190335398334,0.03911966728071888,0.6274509803921569,1.9142807884020079,2.2204460492503128e-16
random_so3,random_41,,1.0000000000000002,-1,-++,3.9931836127369077e-16,0.0012572376974890772,5.831212335007049e-16,0.08091466581294955,1.0,1.9142807884020079,2.2204460492503128e-16
random_so3,random_42,,0.9999999999999996,-1,---,1.4478009422856805e-15,0.0012572376974891166,4.26364342052607e-16,0.0809146658129497,1.0,1.9142807884020079,-3.33066907387547e-16
random_so3,random_43,,1.0,-1,+-+,1.2453886706448296e-15,0.0012572376974890871,0.038461903353983355,0.039119667280718855,0.6274509803921569,1.9142807884020079,0.0
random_so3,random_44,,1.0,1,--+,4.959333907176129e-16,0.0012572376974890834,0.03846190335398334,0.03911966728071888,0.6274509803921569,1.9142807884020079,0.0
random_so3,random_45,,0.9999999999999997,-1,-++,5.821136413873786e-16,0.001257237697489102,0.03846190335398334,0.03911966728071888,0.6274509803921569,1.9142807884020079,0.0
random_so3,random_46,,0.9999999999999994,-1,---,8.648000822264325e-16,0.0012572376974890808,0.03846190335398334,0.03911966728071888,0.6274509803921569,1.9142807884020079,-2.2204460492503136e-16
random_so3,random_47,,0.9999999999999999,-1,-++,3.011088445279513e-15,0.0012572376974890934,0.038461903353983334,0.03911966728071886,0.6274509803921569,1.9142807884020079,0.0
random_so3,random_48,,0.9999999999999998,-1,-++,2.255668980338958e-15,0.0012572376974890756,4.946485490993068e-16,0.08091466581294963,1.0,1.9142807884020079,0.0
random_so3,random_49,,1.0000000000000002,-1,---,1.3058679074004545e-15,0.0012572376974890873,0.03846190335398334,0.039119667280718855,0.6274509803921569,1.9142807884020079,0.0
