method,diagnostic,n,spearman_rho,p_value
mean_graft,mean_disagreement,25,-0.04858300407718502,0.8176142879693374
mean_graft,variance_disagreement,25,-0.5205321865412681,0.007638567836395223
mean_graft,covariance_disagreement,25,0.0,1.0
mean_graft,marginal_wasserstein,25,0.17351072884708935,0.4068458386921867
population_mix,mean_disagreement,9,0.2204792759220492,0.5686426108897127
population_mix,variance_disagreement,9,0.2204792759220492,0.5686426108897127
population_mix,covariance_disagreement,9,0.2204792759220492,0.5686426108897127
population_mix,marginal_wasserstein,9,0.2204792759220492,0.5686426108897127
quantile_graft,mean_disagreement,25,0.35355339059327373,0.08295987936478122
quantile_graft,variance_disagreement,25,-0.7056967961720458,8.121337653284292e-05
quantile_graft,covariance_disagreement,25,-0.11094003924504581,0.597543743596573
quantile_graft,marginal_wasserstein,25,0.0,1.0
spatial_transplant,mean_disagreement,25,0.0875097588967929,0.6774484316554932
spatial_transplant,variance_disagreement,25,0.24794937231604697,0.23206771992024375
spatial_transplant,covariance_disagreement,25,-0.33161424774334347,0.10536407956465861
spatial_transplant,marginal_wasserstein,25,0.3826288768314945,0.05905838141100935
spatial_transplant,assignment_ambiguity,25,-0.5956997759462244,0.0016782904482262491
spatial_transplant,mutual_nn_fraction,25,0.5866006070178982,0.002055792129086168
