task,parent_A,parent_B,method,primary_wins_vs_both,primary_best_preserved,primary_worse_than_best,primary_losses_vs_both,primary_win_fraction,primary_best_preserved_fraction
T1,copy_last,ctrl_one_cell,mean graft,0,2,2,0,0.0,0.5
T1,copy_last,ctrl_one_cell,quantile graft,0,2,2,0,0.0,0.5
T1,copy_last,ctrl_one_cell,population mix,0,1,3,1,0.0,0.25
T1,copy_last,ctrl_one_cell,rowwise average,0,2,2,0,0.0,0.5
T1,copy_last,ctrl_scale_ref,mean graft,2,3,1,0,0.5,0.75
T1,copy_last,ctrl_scale_ref,quantile graft,0,4,0,0,0.0,1.0
T1,copy_last,ctrl_scale_ref,population mix,2,3,1,0,0.5,0.75
T1,copy_last,ctrl_scale_ref,rowwise average,0,2,2,0,0.0,0.5
T1,copy_last,ctrl_shrink_ref,mean graft,0,2,2,1,0.0,0.5
T1,copy_last,ctrl_shrink_ref,quantile graft,0,4,0,0,0.0,1.0
T1,copy_last,ctrl_shrink_ref,population mix,2,2,2,2,0.5,0.5
T1,copy_last,ctrl_shrink_ref,rowwise average,0,3,1,0,0.0,0.75
T1,ctrl_one_cell,ctrl_scale_ref,mean graft,3,4,0,0,0.75,1.0
T1,ctrl_one_cell,ctrl_scale_ref,quantile graft,0,4,0,0,0.0,1.0
T1,ctrl_one_cell,ctrl_scale_ref,population mix,3,4,0,0,0.75,1.0
T1,ctrl_one_cell,ctrl_scale_ref,rowwise average,1,3,1,1,0.25,0.75
T1,ctrl_one_cell,ctrl_shrink_ref,mean graft,1,3,1,0,0.25,0.75
T1,ctrl_one_cell,ctrl_shrink_ref,quantile graft,0,2,2,0,0.0,0.5
T1,ctrl_one_cell,ctrl_shrink_ref,population mix,2,2,2,0,0.5,0.5
T1,ctrl_one_cell,ctrl_shrink_ref,rowwise average,0,2,2,0,0.0,0.5
T1,ctrl_scale_ref,ctrl_shrink_ref,mean graft,0,2,2,2,0.0,0.5
T1,ctrl_scale_ref,ctrl_shrink_ref,quantile graft,0,2,2,0,0.0,0.5
T1,ctrl_scale_ref,ctrl_shrink_ref,population mix,2,3,1,0,0.5,0.75
T1,ctrl_scale_ref,ctrl_shrink_ref,rowwise average,0,2,2,0,0.0,0.5
T2,copy_last,ctrl_scale_ref,spatial transplant,0,5,3,0,0.0,0.625
T2,copy_last,ctrl_scale_ref,raw-expression Hungarian,0,5,3,0,0.0,0.625
T2,copy_last,ctrl_scale_ref,random coordinate transfer,0,4,4,2,0.0,0.5
T2,copy_last,ctrl_scale_ref,same-index coordinate transfer,0,5,3,0,0.0,0.625
T2,copy_last,ctrl_squashed_ref,spatial transplant,0,4,4,0,0.0,0.5
T2,copy_last,ctrl_squashed_ref,raw-expression Hungarian,0,4,4,0,0.0,0.5
T2,copy_last,ctrl_squashed_ref,random coordinate transfer,0,4,4,2,0.0,0.5
T2,copy_last,ctrl_squashed_ref,same-index coordinate transfer,0,4,4,0,0.0,0.5
T2,copy_last,ctrl_random_cube,spatial transplant,0,7,1,0,0.0,0.875
T2,copy_last,ctrl_random_cube,raw-expression Hungarian,0,7,1,0,0.0,0.875
T2,copy_last,ctrl_random_cube,random coordinate transfer,1,6,2,2,0.125,0.75
T2,copy_last,ctrl_random_cube,same-index coordinate transfer,0,7,1,0,0.0,0.875
T2,ctrl_scale_ref,ctrl_squashed_ref,spatial transplant,0,4,4,0,0.0,0.5
T2,ctrl_scale_ref,ctrl_squashed_ref,raw-expression Hungarian,0,4,4,0,0.0,0.5
T2,ctrl_scale_ref,ctrl_squashed_ref,random coordinate transfer,0,4,4,0,0.0,0.5
T2,ctrl_scale_ref,ctrl_squashed_ref,same-index coordinate transfer,0,4,4,0,0.0,0.5
T2,ctrl_scale_ref,ctrl_random_cube,spatial transplant,0,7,1,0,0.0,0.875
T2,ctrl_scale_ref,ctrl_random_cube,raw-expression Hungarian,0,7,1,0,0.0,0.875
T2,ctrl_scale_ref,ctrl_random_cube,random coordinate transfer,1,6,2,1,0.125,0.75
T2,ctrl_scale_ref,ctrl_random_cube,same-index coordinate transfer,0,7,1,0,0.0,0.875
T2,ctrl_squashed_ref,ctrl_random_cube,spatial transplant,0,7,1,0,0.0,0.875
T2,ctrl_squashed_ref,ctrl_random_cube,raw-expression Hungarian,0,7,1,0,0.0,0.875
T2,ctrl_squashed_ref,ctrl_random_cube,random coordinate transfer,1,6,2,1,0.125,0.75
T2,ctrl_squashed_ref,ctrl_random_cube,same-index coordinate transfer,0,7,1,0,0.0,0.875
T3,wt_identity,ctrl_scale_wt,mean graft,2,4,0,0,0.5,1.0
T3,wt_identity,ctrl_scale_wt,population mix,3,4,0,0,0.75,1.0
T3,wt_identity,ctrl_scale_wt,rowwise average,1,4,0,0,0.25,1.0
T3,wt_identity,ctrl_shrink_wt,mean graft,0,3,1,0,0.0,0.75
T3,wt_identity,ctrl_shrink_wt,population mix,0,1,3,1,0.0,0.25
T3,wt_identity,ctrl_shrink_wt,rowwise average,0,2,2,0,0.0,0.5
T3,wt_identity,ctrl_random_dir,mean graft,0,3,1,1,0.0,0.75
T3,wt_identity,ctrl_random_dir,population mix,2,3,1,0,0.5,0.75
T3,wt_identity,ctrl_random_dir,rowwise average,1,2,2,0,0.25,0.5
T3,ctrl_scale_wt,ctrl_shrink_wt,mean graft,0,3,1,1,0.0,0.75
T3,ctrl_scale_wt,ctrl_shrink_wt,population mix,2,4,0,0,0.5,1.0
T3,ctrl_scale_wt,ctrl_shrink_wt,rowwise average,1,4,0,0,0.25,1.0
T3,ctrl_scale_wt,ctrl_random_dir,mean graft,0,3,1,1,0.0,0.75
T3,ctrl_scale_wt,ctrl_random_dir,population mix,1,2,2,0,0.25,0.5
T3,ctrl_scale_wt,ctrl_random_dir,rowwise average,1,3,1,0,0.25,0.75
T3,ctrl_shrink_wt,ctrl_random_dir,mean graft,0,2,2,0,0.0,0.5
T3,ctrl_shrink_wt,ctrl_random_dir,population mix,1,2,2,0,0.25,0.5
T3,ctrl_shrink_wt,ctrl_random_dir,rowwise average,0,1,3,1,0.0,0.25
