task,parent_A,parent_B,method,primary_wins_vs_both,primary_best_preserved,primary_worse_than_best,primary_losses_vs_both,primary_win_fraction,primary_best_preserved_fraction,de_score,de_direction,mmd_u,variogram,d2_shape,sliced_wasserstein,occupancy_dice,neighborhood_mmd,severity_slope
T1,copy_last,ctrl_one_cell,mean_graft,0,2,2,0,0.0,0.5,0.0,0.0,0.2614,0.019602,,,,,
T1,copy_last,ctrl_one_cell,quantile_graft,0,2,2,0,0.0,0.5,0.0,0.0,0.11682,0.004546,,,,,
T1,copy_last,ctrl_one_cell,population_mix_0.5,1,1,3,1,0.25,0.25,0.0303,-0.0147,0.15763,0.006303,,,,,
T1,copy_last,ctrl_one_cell,rowwise_average,0,2,2,0,0.0,0.5,0.0,0.0,0.18875,0.013655,,,,,
T1,copy_last,ctrl_scale_ref,mean_graft,2,3,1,0,0.5,0.75,0.0,0.0641,0.04511,0.004901,,,,,
T1,copy_last,ctrl_scale_ref,quantile_graft,0,4,0,0,0.0,1.0,0.0,0.0,0.07716,0.00187,,,,,
T1,copy_last,ctrl_scale_ref,population_mix_0.5,2,3,1,0,0.5,0.75,0.0,0.0315,0.05556,0.008162,,,,,
T1,copy_last,ctrl_scale_ref,rowwise_average,0,2,2,0,0.0,0.5,0.0,0.0,0.12664,0.008304,,,,,
T1,ctrl_one_cell,ctrl_scale_ref,mean_graft,3,4,0,0,0.75,1.0,0.0,0.0641,0.04511,0.004901,,,,,
T1,ctrl_one_cell,ctrl_scale_ref,quantile_graft,0,4,0,0,0.0,1.0,0.0,0.0,0.2614,0.019602,,,,,
T1,ctrl_one_cell,ctrl_scale_ref,population_mix_0.5,3,4,0,0,0.75,1.0,0.0,0.0442,0.07899,0.017131,,,,,
T1,ctrl_one_cell,ctrl_scale_ref,rowwise_average,1,3,1,1,0.25,0.75,0.0,0.0,0.20316,0.032687,,,,,
T2,ctrl_scale_ref,ctrl_squashed_ref,spatial_transplant,0,5,3,0,0.0,0.625,0.0,0.0,0.29037,0.098139,0.0269,0.06092,0.5,0.584,
T2,ctrl_scale_ref,ctrl_squashed_ref,random_coordinate_transfer,1,3,5,1,0.125,0.375,0.0,0.0,0.29037,0.098139,0.02856,0.05979,0.49,0.62603,
T2,ctrl_scale_ref,ctrl_squashed_ref,same_index_coordinate_transfer,0,5,3,0,0.0,0.625,0.0,0.0,0.29037,0.098139,0.0269,0.06092,0.5,0.584,
T3,wt_identity,ctrl_scale_wt,mean_graft,2,4,1,0,0.4,0.8,0.0,0.068,0.02842,0.035032,,,,,-6.9078
T3,wt_identity,ctrl_scale_wt,population_mix_0.5,1,2,3,2,0.2,0.4,-0.0256,-0.0074,0.01443,0.038557,,,,,-6.9078
T3,wt_identity,ctrl_scale_wt,rowwise_average,1,4,1,0,0.2,0.8,0.0,0.0,0.01743,0.034476,,,,,-6.9078
