experiment,method,primary_wins_vs_both,primary_best_preserved,primary_worse_than_best,primary_losses_vs_both,primary_win_fraction,primary_best_preserved_fraction,de_score,de_direction,mmd_u,variogram,d2_shape,sliced_wasserstein,occupancy_dice,neighborhood_mmd
T1_mean_pair,mean_graft,2,4,0,0,0.5,1.0,0.5152,0.7517,0.04708,0.018224,,,,
T1_mean_pair,population_mix_0.5,1,1,3,0,0.25,0.25,0.3939,0.6237,0.17259,0.051166,,,,
T1_mean_pair,rowwise_average,0,0,4,0,0.0,0.0,0.3636,0.628,0.33622,0.052996,,,,
T1_mean_pair,half_pseudobulk_shift,0,0,4,0,0.0,0.0,0.3636,0.628,0.237,0.047944,,,,
T1_quantile_pair,quantile_graft,2,4,0,0,0.5,1.0,0.5152,0.7078,0.02861,0.008731,,,,
T1_quantile_pair,population_mix_0.5,1,1,3,0,0.25,0.25,0.3939,0.6324,0.15238,0.020955,,,,
T1_quantile_pair,rowwise_average,0,0,4,0,0.0,0.0,0.4242,0.6394,0.24204,0.030571,,,,
T1_quantile_pair,half_pseudobulk_shift,1,1,3,0,0.25,0.25,0.4242,0.6394,0.10644,0.026714,,,,
T2_spatial_pair,spatial_transplant,2,8,0,0,0.25,1.0,0.52,1.0,0.02176,0.010856,0.00126,0.0,1.0,0.02985
T2_spatial_pair,raw_expression_hungarian,2,8,0,0,0.25,1.0,0.52,1.0,0.02176,0.010856,0.00126,0.0,1.0,0.02985
T2_spatial_pair,random_coordinate_transfer,1,7,1,0,0.125,0.875,0.52,1.0,0.02176,0.010856,0.00193,0.0,1.0,0.19769
T2_spatial_pair,same_index_coordinate_transfer,1,8,0,0,0.125,1.0,0.52,1.0,0.02176,0.010856,0.00134,0.0,1.0,0.18519
